"Year","District","FullName","SentenceAdd","PCTImmig"
2001,"AK","District of Alaska",150,0.0866666666666667
2001,"ALM","Middle District of Alabama",129,0.00775193798449612
2001,"ALN","Northern District of Alabama",294,0.0272108843537415
2001,"ALS","Southern District of Alabama",230,0
2001,"ARE","Eastern District of Arkansas",192,0.015625
2001,"ARW","Western District of Arkansas",128,0.1953125
2001,"AZ","District of Arizona",2760,0.577173913043478
2001,"CAC","Central District of California",1314,0.209284627092846
2001,"CAE","Eastern District of California",732,0.346994535519126
2001,"CAN","Northern District of California",605,0.332231404958678
2001,"CAS","Southern District of California",3737,0.431629649451432
2001,"CO","District of Colorado",429,0.1002331002331
2001,"CT","District of Connecticut",198,0.0555555555555556
2001,"DC","District of Washington D.C.",216,0.0509259259259259
2001,"DE","District of Delaware",56,0.0357142857142857
2001,"FLM","Middle District of Florida",1103,0.169537624660018
2001,"FLN","Northern District of Florida",306,0.0261437908496732
2001,"FLS","Southern District of Florida",1986,0.101208459214502
2001,"GAM","Middle District of Georgia",280,0.0321428571428571
2001,"GAN","Northern District of Georgia",659,0.139605462822458
2001,"GAS","Southern District of Georgia",260,0.0307692307692308
2001,"GU","District of Guam",73,0.342465753424658
2001,"HI","District of Hawaii",264,0.0606060606060606
2001,"IAN","Northern District of Iowa",301,0.12624584717608
2001,"IAS","Southern District of Iowa",284,0.140845070422535
2001,"ID","District of Idaho",89,0.269662921348315
2001,"ILC","Central District of Illinois",271,0.0553505535055351
2001,"ILN","Northern District of Illinois",663,0.081447963800905
2001,"ILS","Southern District of Illinois",337,0.0415430267062315
2001,"INN","Northern District of Indiana",260,0.00769230769230769
2001,"INS","Southern District of Indiana",195,0.0256410256410256
2001,"KS","District of Kansas",396,0.095959595959596
2001,"KYE","Eastern District of Kentucky",457,0.0437636761487965
2001,"KYW","Western District of Kentucky",181,0.0718232044198895
2001,"LAE","Eastern District of Louisiana",352,0.0198863636363636
2001,"LAM","Middle District of Louisiana",126,0
2001,"LAW","Western District of Louisiana",224,0.00446428571428571
2001,"MA","District of Massachusetts",404,0.0866336633663366
2001,"MD","District of Maryland",525,0.0266666666666667
2001,"ME","District of Maine",173,0.0404624277456647
2001,"MIE","Eastern District of Michigan",582,0.0360824742268041
2001,"MIW","Western District of Michigan",282,0.099290780141844
2001,"MOE","Eastern District of Missouri",478,0.0271966527196653
2001,"MOW","Western District of Missouri",574,0.024390243902439
2001,"MP","District of Northern Mariana Islands",11,0
2001,"MSN","Northern District of Mississippi",126,0
2001,"MSS","Southern District of Mississippi",360,0.0166666666666667
2001,"MT","District of Montana",234,0.0769230769230769
2001,"NCE","Eastern District of North Carolina",404,0.0272277227722772
2001,"NCM","Middle District of North Carolina",425,0.105882352941176
2001,"NCW","Western District of North Carolina",394,0.0177664974619289
2001,"ND","District of North Dakota",120,0.133333333333333
2001,"NE","District of Nebraska",424,0.129716981132075
2001,"NH","District of New Hampshire",104,0.0865384615384615
2001,"NJ","District of New Jersey",642,0.0467289719626168
2001,"NM","District of New Mexico",1231,0.380178716490658
2001,"NV","District of Nevada",424,0.273584905660377
2001,"NYE","Eastern District of New York",1049,0.0657769304099142
2001,"NYN","Northern District of New York",325,0.169230769230769
2001,"NYS","Southern District of New York",1092,0.0842490842490843
2001,"NYW","Western District of New York",307,0.0618892508143322
2001,"OHN","Northern District of Ohio",645,0.0217054263565891
2001,"OHS","Southern District of Ohio",279,0.032258064516129
2001,"OKE","Eastern District of Oklahoma",62,0
2001,"OKN","Northern District of Oklahoma",94,0.0212765957446809
2001,"OKW","Western District of Oklahoma",184,0.0271739130434783
2001,"OR","District of Oregon",580,0.355172413793103
2001,"PAE","Eastern District of Pennsylvania",748,0.0454545454545455
2001,"PAM","Middle District of Pennsylvania",322,0.0248447204968944
2001,"PAW","Western District of Pennsylvania",245,0.0163265306122449
2001,"PR","District of Puerto Rico",584,0.0821917808219178
2001,"RI","District of Rhode Island",93,0.225806451612903
2001,"SC","District of South Carolina",598,0.00836120401337793
2001,"SD","District of South Dakota",216,0.0648148148148148
2001,"TNE","Eastern District of Tennessee",446,0.0336322869955157
2001,"TNM","Middle District of Tennessee",214,0.0607476635514019
2001,"TNW","Western District of Tennessee",295,0.0440677966101695
2001,"TXE","Eastern District of Texas",497,0.0925553319919517
2001,"TXN","Northern District of Texas",969,0.128998968008256
2001,"TXS","Southern District of Texas",3296,0.359223300970874
2001,"TXW","Western District of Texas",4173,0.308411214953271
2001,"UT","District of Utah",430,0.376744186046512
2001,"VAE","Eastern District of Virginia",1124,0.0311387900355872
2001,"VAW","Western District of Virginia",330,0.0121212121212121
2001,"VI","District of Virgin Islands",71,0.366197183098592
2001,"VT","District of Vermont",70,0.0428571428571429
2001,"WAE","Eastern District of Washington",284,0.419014084507042
2001,"WAW","Western District of Washington",527,0.0683111954459203
2001,"WIE","Eastern District of Wisconsin",253,0.0197628458498024
2001,"WIW","Western District of Wisconsin",137,0.0145985401459854
2001,"WVN","Northern District of West Virginia",164,0.0121951219512195
2001,"WVS","Southern District of West Virginia",300,0.0166666666666667
2001,"WY","District of Wyoming",128,0.109375
2002,"AK","District of Alaska",123,0.0813008130081301
2002,"ALM","Middle District of Alabama",128,0
2002,"ALN","Northern District of Alabama",424,0.0188679245283019
2002,"ALS","Southern District of Alabama",258,0.0116279069767442
2002,"ARE","Eastern District of Arkansas",199,0.0351758793969849
2002,"ARW","Western District of Arkansas",117,0.247863247863248
2002,"AZ","District of Arizona",3085,0.558833063209076
2002,"CAC","Central District of California",1376,0.293604651162791
2002,"CAE","Eastern District of California",632,0.338607594936709
2002,"CAN","Northern District of California",531,0.248587570621469
2002,"CAS","Southern District of California",3466,0.413733410271206
2002,"CO","District of Colorado",457,0.146608315098468
2002,"CT","District of Connecticut",228,0.0614035087719298
2002,"DC","District of Washington D.C.",331,0.0422960725075529
2002,"DE","District of Delaware",64,0.078125
2002,"FLM","Middle District of Florida",1273,0.111547525530244
2002,"FLN","Northern District of Florida",310,0.0129032258064516
2002,"FLS","Southern District of Florida",2121,0.106553512494107
2002,"GAM","Middle District of Georgia",245,0.0448979591836735
2002,"GAN","Northern District of Georgia",712,0.110955056179775
2002,"GAS","Southern District of Georgia",241,0.029045643153527
2002,"GU","District of Guam",109,0.275229357798165
2002,"HI","District of Hawaii",295,0.0474576271186441
2002,"IAN","Northern District of Iowa",327,0.155963302752294
2002,"IAS","Southern District of Iowa",263,0.220532319391635
2002,"ID","District of Idaho",163,0.239263803680982
2002,"ILC","Central District of Illinois",315,0.0698412698412698
2002,"ILN","Northern District of Illinois",897,0.101449275362319
2002,"ILS","Southern District of Illinois",271,0.044280442804428
2002,"INN","Northern District of Indiana",367,0.00544959128065395
2002,"INS","Southern District of Indiana",206,0.058252427184466
2002,"KS","District of Kansas",426,0.103286384976526
2002,"KYE","Eastern District of Kentucky",380,0.0289473684210526
2002,"KYW","Western District of Kentucky",238,0.0210084033613445
2002,"LAE","Eastern District of Louisiana",304,0.0592105263157895
2002,"LAM","Middle District of Louisiana",87,0.0344827586206897
2002,"LAW","Western District of Louisiana",274,0.0255474452554745
2002,"MA","District of Massachusetts",493,0.103448275862069
2002,"MD","District of Maryland",454,0.0616740088105727
2002,"ME","District of Maine",182,0.0989010989010989
2002,"MIE","Eastern District of Michigan",612,0.0473856209150327
2002,"MIW","Western District of Michigan",344,0.0959302325581395
2002,"MOE","Eastern District of Missouri",543,0.0699815837937385
2002,"MOW","Western District of Missouri",564,0.0319148936170213
2002,"MP","District of Northern Mariana Islands",5,0
2002,"MSN","Northern District of Mississippi",136,0.0294117647058824
2002,"MSS","Southern District of Mississippi",295,0.0474576271186441
2002,"MT","District of Montana",273,0.0476190476190476
2002,"NCE","Eastern District of North Carolina",459,0.0479302832244009
2002,"NCM","Middle District of North Carolina",407,0.0835380835380835
2002,"NCW","Western District of North Carolina",479,0.0459290187891441
2002,"ND","District of North Dakota",123,0.16260162601626
2002,"NE","District of Nebraska",474,0.0970464135021097
2002,"NH","District of New Hampshire",98,0.0612244897959184
2002,"NJ","District of New Jersey",616,0.073051948051948
2002,"NM","District of New Mexico",1684,0.507125890736342
2002,"NV","District of Nevada",496,0.330645161290323
2002,"NYE","Eastern District of New York",1371,0.0846097738876732
2002,"NYN","Northern District of New York",281,0.181494661921708
2002,"NYS","Southern District of New York",1268,0.111198738170347
2002,"NYW","Western District of New York",322,0.111801242236025
2002,"OHN","Northern District of Ohio",691,0.0260492040520984
2002,"OHS","Southern District of Ohio",295,0.0135593220338983
2002,"OKE","Eastern District of Oklahoma",60,0
2002,"OKN","Northern District of Oklahoma",120,0.05
2002,"OKW","Western District of Oklahoma",141,0.0780141843971631
2002,"OR","District of Oregon",482,0.313278008298755
2002,"PAE","Eastern District of Pennsylvania",770,0.0701298701298701
2002,"PAM","Middle District of Pennsylvania",370,0.0540540540540541
2002,"PAW","Western District of Pennsylvania",240,0.0375
2002,"PR","District of Puerto Rico",758,0.0778364116094987
2002,"RI","District of Rhode Island",144,0.222222222222222
2002,"SC","District of South Carolina",793,0.0327868852459016
2002,"SD","District of South Dakota",226,0.0398230088495575
2002,"TNE","Eastern District of Tennessee",573,0.0645724258289703
2002,"TNM","Middle District of Tennessee",276,0.0615942028985507
2002,"TNW","Western District of Tennessee",352,0.0198863636363636
2002,"TXE","Eastern District of Texas",559,0.0715563506261181
2002,"TXN","Northern District of Texas",864,0.143518518518519
2002,"TXS","Southern District of Texas",4181,0.438411863190624
2002,"TXW","Western District of Texas",4544,0.281029929577465
2002,"UT","District of Utah",478,0.334728033472803
2002,"VAE","Eastern District of Virginia",1173,0.0571184995737425
2002,"VAW","Western District of Virginia",340,0.0264705882352941
2002,"VI","District of Virgin Islands",70,0.357142857142857
2002,"VT","District of Vermont",126,0.0634920634920635
2002,"WAE","Eastern District of Washington",266,0.368421052631579
2002,"WAW","Western District of Washington",460,0.05
2002,"WIE","Eastern District of Wisconsin",246,0.016260162601626
2002,"WIW","Western District of Wisconsin",115,0.0434782608695652
2002,"WVN","Northern District of West Virginia",240,0.00416666666666667
2002,"WVS","Southern District of West Virginia",226,0
2002,"WY","District of Wyoming",123,0.0487804878048781
2003,"AK","District of Alaska",118,0.0508474576271186
2003,"ALM","Middle District of Alabama",129,0.00775193798449612
2003,"ALN","Northern District of Alabama",410,0.0365853658536585
2003,"ALS","Southern District of Alabama",270,0
2003,"ARE","Eastern District of Arkansas",173,0.0404624277456647
2003,"ARW","Western District of Arkansas",180,0.394444444444444
2003,"AZ","District of Arizona",4195,0.564719904648391
2003,"CAC","Central District of California",1310,0.235114503816794
2003,"CAE","Eastern District of California",813,0.412054120541205
2003,"CAN","Northern District of California",524,0.244274809160305
2003,"CAS","Southern District of California",3416,0.534836065573771
2003,"CO","District of Colorado",500,0.198
2003,"CT","District of Connecticut",304,0.0559210526315789
2003,"DC","District of Washington D.C.",374,0.0695187165775401
2003,"DE","District of Delaware",101,0.0792079207920792
2003,"FLM","Middle District of Florida",1346,0.13001485884101
2003,"FLN","Northern District of Florida",314,0.0222929936305732
2003,"FLS","Southern District of Florida",1934,0.165977249224405
2003,"GAM","Middle District of Georgia",284,0.028169014084507
2003,"GAN","Northern District of Georgia",647,0.143740340030912
2003,"GAS","Southern District of Georgia",268,0.0223880597014925
2003,"GU","District of Guam",76,0.302631578947368
2003,"HI","District of Hawaii",278,0.0107913669064748
2003,"IAN","Northern District of Iowa",406,0.137931034482759
2003,"IAS","Southern District of Iowa",364,0.148351648351648
2003,"ID","District of Idaho",227,0.286343612334802
2003,"ILC","Central District of Illinois",347,0.0951008645533141
2003,"ILN","Northern District of Illinois",1066,0.0956848030018762
2003,"ILS","Southern District of Illinois",316,0.0537974683544304
2003,"INN","Northern District of Indiana",326,0.00613496932515337
2003,"INS","Southern District of Indiana",259,0.0308880308880309
2003,"KS","District of Kansas",477,0.127882599580713
2003,"KYE","Eastern District of Kentucky",390,0.0743589743589744
2003,"KYW","Western District of Kentucky",231,0.0822510822510823
2003,"LAE","Eastern District of Louisiana",391,0.0485933503836317
2003,"LAM","Middle District of Louisiana",94,0.117021276595745
2003,"LAW","Western District of Louisiana",281,0.0355871886120996
2003,"MA","District of Massachusetts",450,0.113333333333333
2003,"MD","District of Maryland",499,0.0661322645290581
2003,"ME","District of Maine",145,0.0620689655172414
2003,"MIE","Eastern District of Michigan",561,0.0588235294117647
2003,"MIW","Western District of Michigan",414,0.0821256038647343
2003,"MOE","Eastern District of Missouri",653,0.0581929555895865
2003,"MOW","Western District of Missouri",599,0.0751252086811352
2003,"MP","District of Northern Mariana Islands",19,0.105263157894737
2003,"MSN","Northern District of Mississippi",134,0.00746268656716418
2003,"MSS","Southern District of Mississippi",371,0.0485175202156334
2003,"MT","District of Montana",289,0.0968858131487889
2003,"NCE","Eastern District of North Carolina",512,0.05078125
2003,"NCM","Middle District of North Carolina",337,0.118694362017804
2003,"NCW","Western District of North Carolina",511,0.0234833659491194
2003,"ND","District of North Dakota",173,0.225433526011561
2003,"NE","District of Nebraska",661,0.111951588502269
2003,"NH","District of New Hampshire",142,0.0704225352112676
2003,"NJ","District of New Jersey",644,0.0527950310559006
2003,"NM","District of New Mexico",1901,0.58968963703314
2003,"NV","District of Nevada",580,0.256896551724138
2003,"NYE","Eastern District of New York",1468,0.0749318801089918
2003,"NYN","Northern District of New York",302,0.142384105960265
2003,"NYS","Southern District of New York",1425,0.0891228070175439
2003,"NYW","Western District of New York",347,0.0749279538904899
2003,"OHN","Northern District of Ohio",718,0.0306406685236769
2003,"OHS","Southern District of Ohio",385,0.025974025974026
2003,"OKE","Eastern District of Oklahoma",55,0
2003,"OKN","Northern District of Oklahoma",142,0.0422535211267606
2003,"OKW","Western District of Oklahoma",132,0.0454545454545455
2003,"OR","District of Oregon",575,0.285217391304348
2003,"PAE","Eastern District of Pennsylvania",769,0.046814044213264
2003,"PAM","Middle District of Pennsylvania",297,0.0404040404040404
2003,"PAW","Western District of Pennsylvania",285,0.0245614035087719
2003,"PR","District of Puerto Rico",733,0.0804911323328786
2003,"RI","District of Rhode Island",113,0.194690265486726
2003,"SC","District of South Carolina",807,0.080545229244114
2003,"SD","District of South Dakota",240,0.0916666666666667
2003,"TNE","Eastern District of Tennessee",551,0.132486388384755
2003,"TNM","Middle District of Tennessee",233,0.0944206008583691
2003,"TNW","Western District of Tennessee",423,0.0425531914893617
2003,"TXE","Eastern District of Texas",584,0.0941780821917808
2003,"TXN","Northern District of Texas",998,0.228456913827655
2003,"TXS","Southern District of Texas",4756,0.549411269974769
2003,"TXW","Western District of Texas",4580,0.329475982532751
2003,"UT","District of Utah",683,0.319180087847731
2003,"VAE","Eastern District of Virginia",1327,0.0414468726450641
2003,"VAW","Western District of Virginia",480,0.025
2003,"VI","District of Virgin Islands",84,0.357142857142857
2003,"VT","District of Vermont",148,0.0675675675675676
2003,"WAE","Eastern District of Washington",336,0.357142857142857
2003,"WAW","Western District of Washington",550,0.0636363636363636
2003,"WIE","Eastern District of Wisconsin",245,0.106122448979592
2003,"WIW","Western District of Wisconsin",165,0.0848484848484849
2003,"WVN","Northern District of West Virginia",247,0.00404858299595142
2003,"WVS","Southern District of West Virginia",284,0.00352112676056338
2003,"WY","District of Wyoming",200,0.135
2004,"AK","District of Alaska",152,0.0789473684210526
2004,"ALM","Middle District of Alabama",114,0.0526315789473684
2004,"ALN","Northern District of Alabama",461,0.0368763557483731
2004,"ALS","Southern District of Alabama",264,0.0189393939393939
2004,"ARE","Eastern District of Arkansas",226,0.0575221238938053
2004,"ARW","Western District of Arkansas",168,0.321428571428571
2004,"AZ","District of Arizona",4227,0.555713271823989
2004,"CAC","Central District of California",1362,0.367107195301028
2004,"CAE","Eastern District of California",812,0.274630541871921
2004,"CAN","Northern District of California",524,0.24618320610687
2004,"CAS","Southern District of California",3283,0.609198903441974
2004,"CO","District of Colorado",458,0.200873362445415
2004,"CT","District of Connecticut",255,0.0156862745098039
2004,"DC","District of Washington D.C.",457,0.0765864332603939
2004,"DE","District of Delaware",72,0.138888888888889
2004,"FLM","Middle District of Florida",1520,0.115789473684211
2004,"FLN","Northern District of Florida",384,0.0234375
2004,"FLS","Southern District of Florida",1753,0.138049058756418
2004,"GAM","Middle District of Georgia",263,0.0190114068441065
2004,"GAN","Northern District of Georgia",642,0.149532710280374
2004,"GAS","Southern District of Georgia",245,0.0448979591836735
2004,"GU","District of Guam",63,0.333333333333333
2004,"HI","District of Hawaii",319,0.0156739811912226
2004,"IAN","Northern District of Iowa",480,0.197916666666667
2004,"IAS","Southern District of Iowa",326,0.199386503067485
2004,"ID","District of Idaho",225,0.382222222222222
2004,"ILC","Central District of Illinois",308,0.0779220779220779
2004,"ILN","Northern District of Illinois",796,0.103015075376884
2004,"ILS","Southern District of Illinois",289,0.0519031141868512
2004,"INN","Northern District of Indiana",264,0.0227272727272727
2004,"INS","Southern District of Indiana",279,0.028673835125448
2004,"KS","District of Kansas",588,0.141156462585034
2004,"KYE","Eastern District of Kentucky",419,0.0668257756563246
2004,"KYW","Western District of Kentucky",229,0.0524017467248908
2004,"LAE","Eastern District of Louisiana",304,0.0855263157894737
2004,"LAM","Middle District of Louisiana",149,0.0402684563758389
2004,"LAW","Western District of Louisiana",307,0.0521172638436482
2004,"MA","District of Massachusetts",390,0.158974358974359
2004,"MD","District of Maryland",481,0.0769230769230769
2004,"ME","District of Maine",217,0.0414746543778802
2004,"MIE","Eastern District of Michigan",605,0.0677685950413223
2004,"MIW","Western District of Michigan",311,0.157556270096463
2004,"MOE","Eastern District of Missouri",765,0.0522875816993464
2004,"MOW","Western District of Missouri",688,0.0406976744186047
2004,"MP","District of Northern Mariana Islands",31,0.193548387096774
2004,"MSN","Northern District of Mississippi",140,0.0357142857142857
2004,"MSS","Southern District of Mississippi",306,0.0490196078431373
2004,"MT","District of Montana",342,0.0614035087719298
2004,"NCE","Eastern District of North Carolina",483,0.0641821946169772
2004,"NCM","Middle District of North Carolina",343,0.137026239067055
2004,"NCW","Western District of North Carolina",481,0.0457380457380457
2004,"ND","District of North Dakota",194,0.422680412371134
2004,"NE","District of Nebraska",758,0.0738786279683377
2004,"NH","District of New Hampshire",181,0.0939226519337017
2004,"NJ","District of New Jersey",612,0.0555555555555556
2004,"NM","District of New Mexico",2111,0.606821411653245
2004,"NV","District of Nevada",528,0.248106060606061
2004,"NYE","Eastern District of New York",1141,0.0902716914986854
2004,"NYN","Northern District of New York",391,0.273657289002558
2004,"NYS","Southern District of New York",1175,0.100425531914894
2004,"NYW","Western District of New York",364,0.0824175824175824
2004,"OHN","Northern District of Ohio",612,0.0441176470588235
2004,"OHS","Southern District of Ohio",326,0.0368098159509202
2004,"OKE","Eastern District of Oklahoma",126,0
2004,"OKN","Northern District of Oklahoma",151,0.0198675496688742
2004,"OKW","Western District of Oklahoma",241,0.012448132780083
2004,"OR","District of Oregon",538,0.245353159851301
2004,"PAE","Eastern District of Pennsylvania",745,0.0791946308724832
2004,"PAM","Middle District of Pennsylvania",416,0.0528846153846154
2004,"PAW","Western District of Pennsylvania",277,0.0505415162454874
2004,"PR","District of Puerto Rico",521,0.159309021113244
2004,"RI","District of Rhode Island",128,0.125
2004,"SC","District of South Carolina",882,0.0442176870748299
2004,"SD","District of South Dakota",301,0.0764119601328904
2004,"TNE","Eastern District of Tennessee",556,0.0413669064748201
2004,"TNM","Middle District of Tennessee",247,0.117408906882591
2004,"TNW","Western District of Tennessee",463,0.0367170626349892
2004,"TXE","Eastern District of Texas",801,0.0961298377028714
2004,"TXN","Northern District of Texas",969,0.218782249742002
2004,"TXS","Southern District of Texas",4875,0.597538461538462
2004,"TXW","Western District of Texas",4814,0.339011217282925
2004,"UT","District of Utah",711,0.250351617440225
2004,"VAE","Eastern District of Virginia",1404,0.0612535612535613
2004,"VAW","Western District of Virginia",411,0.0267639902676399
2004,"VI","District of Virgin Islands",76,0.381578947368421
2004,"VT","District of Vermont",160,0.08125
2004,"WAE","Eastern District of Washington",362,0.361878453038674
2004,"WAW","Western District of Washington",594,0.111111111111111
2004,"WIE","Eastern District of Wisconsin",305,0.0983606557377049
2004,"WIW","Western District of Wisconsin",178,0.0617977528089888
2004,"WVN","Northern District of West Virginia",232,0.00431034482758621
2004,"WVS","Southern District of West Virginia",199,0.0201005025125628
2004,"WY","District of Wyoming",262,0.0610687022900763
2005,"AK","District of Alaska",159,0.0314465408805031
2005,"ALM","Middle District of Alabama",178,0.050561797752809
2005,"ALN","Northern District of Alabama",373,0.0294906166219839
2005,"ALS","Southern District of Alabama",283,0.0636042402826855
2005,"ARE","Eastern District of Arkansas",230,0.0608695652173913
2005,"ARW","Western District of Arkansas",180,0.272222222222222
2005,"AZ","District of Arizona",4126,0.536839554047504
2005,"CAC","Central District of California",1513,0.374091209517515
2005,"CAE","Eastern District of California",790,0.273417721518987
2005,"CAN","Northern District of California",590,0.238983050847458
2005,"CAS","Southern District of California",2408,0.571013289036545
2005,"CO","District of Colorado",527,0.222011385199241
2005,"CT","District of Connecticut",320,0.034375
2005,"DC","District of Washington D.C.",421,0.0522565320665083
2005,"DE","District of Delaware",115,0.0956521739130435
2005,"FLM","Middle District of Florida",1535,0.168729641693811
2005,"FLN","Northern District of Florida",300,0.04
2005,"FLS","Southern District of Florida",1980,0.231313131313131
2005,"GAM","Middle District of Georgia",293,0.0273037542662116
2005,"GAN","Northern District of Georgia",630,0.0857142857142857
2005,"GAS","Southern District of Georgia",287,0.0278745644599303
2005,"GU","District of Guam",87,0.172413793103448
2005,"HI","District of Hawaii",348,0.014367816091954
2005,"IAN","Northern District of Iowa",364,0.206043956043956
2005,"IAS","Southern District of Iowa",341,0.243401759530792
2005,"ID","District of Idaho",189,0.322751322751323
2005,"ILC","Central District of Illinois",285,0.087719298245614
2005,"ILN","Northern District of Illinois",791,0.0948166877370417
2005,"ILS","Southern District of Illinois",248,0.0604838709677419
2005,"INN","Northern District of Indiana",322,0.0062111801242236
2005,"INS","Southern District of Indiana",266,0.0300751879699248
2005,"KS","District of Kansas",583,0.164665523156089
2005,"KYE","Eastern District of Kentucky",431,0.0533642691415313
2005,"KYW","Western District of Kentucky",235,0.0595744680851064
2005,"LAE","Eastern District of Louisiana",299,0.0602006688963211
2005,"LAM","Middle District of Louisiana",135,0.00740740740740741
2005,"LAW","Western District of Louisiana",330,0.0454545454545455
2005,"MA","District of Massachusetts",387,0.0981912144702842
2005,"MD","District of Maryland",591,0.0490693739424704
2005,"ME","District of Maine",208,0.134615384615385
2005,"MIE","Eastern District of Michigan",586,0.0819112627986348
2005,"MIW","Western District of Michigan",352,0.164772727272727
2005,"MOE","Eastern District of Missouri",859,0.0430733410942957
2005,"MOW","Western District of Missouri",659,0.0409711684370258
2005,"MP","District of Northern Mariana Islands",20,0.25
2005,"MSN","Northern District of Mississippi",168,0
2005,"MSS","Southern District of Mississippi",343,0.0349854227405248
2005,"MT","District of Montana",335,0.134328358208955
2005,"NCE","Eastern District of North Carolina",594,0.0420875420875421
2005,"NCM","Middle District of North Carolina",439,0.152619589977221
2005,"NCW","Western District of North Carolina",544,0.0477941176470588
2005,"ND","District of North Dakota",207,0.352657004830918
2005,"NE","District of Nebraska",735,0.0870748299319728
2005,"NH","District of New Hampshire",155,0.0516129032258065
2005,"NJ","District of New Jersey",762,0.0695538057742782
2005,"NM","District of New Mexico",2470,0.650202429149798
2005,"NV","District of Nevada",511,0.185909980430528
2005,"NYE","Eastern District of New York",1036,0.0878378378378378
2005,"NYN","Northern District of New York",389,0.262210796915167
2005,"NYS","Southern District of New York",1332,0.111111111111111
2005,"NYW","Western District of New York",480,0.0958333333333333
2005,"OHN","Northern District of Ohio",844,0.0521327014218009
2005,"OHS","Southern District of Ohio",465,0.0451612903225806
2005,"OKE","Eastern District of Oklahoma",92,0.0108695652173913
2005,"OKN","Northern District of Oklahoma",169,0.0177514792899408
2005,"OKW","Western District of Oklahoma",211,0.00947867298578199
2005,"OR","District of Oregon",540,0.194444444444444
2005,"PAE","Eastern District of Pennsylvania",765,0.0679738562091503
2005,"PAM","Middle District of Pennsylvania",528,0.0757575757575758
2005,"PAW","Western District of Pennsylvania",327,0.0428134556574924
2005,"PR","District of Puerto Rico",496,0.189516129032258
2005,"RI","District of Rhode Island",118,0.135593220338983
2005,"SC","District of South Carolina",802,0.0361596009975062
2005,"SD","District of South Dakota",359,0.0807799442896936
2005,"TNE","Eastern District of Tennessee",612,0.0359477124183007
2005,"TNM","Middle District of Tennessee",305,0.0852459016393443
2005,"TNW","Western District of Tennessee",529,0.0189035916824197
2005,"TXE","Eastern District of Texas",667,0.106446776611694
2005,"TXN","Northern District of Texas",831,0.186522262334537
2005,"TXS","Southern District of Texas",6075,0.678518518518519
2005,"TXW","Western District of Texas",5320,0.426691729323308
2005,"UT","District of Utah",783,0.251596424010217
2005,"VAE","Eastern District of Virginia",1364,0.0828445747800586
2005,"VAW","Western District of Virginia",557,0.0143626570915619
2005,"VI","District of Virgin Islands",85,0.588235294117647
2005,"VT","District of Vermont",159,0.207547169811321
2005,"WAE","Eastern District of Washington",376,0.24468085106383
2005,"WAW","Western District of Washington",728,0.123626373626374
2005,"WIE","Eastern District of Wisconsin",294,0.102040816326531
2005,"WIW","Western District of Wisconsin",189,0.0634920634920635
2005,"WVN","Northern District of West Virginia",250,0.016
2005,"WVS","Southern District of West Virginia",299,0.0100334448160535
2005,"WY","District of Wyoming",248,0.0443548387096774
2006,"AK","District of Alaska",115,0.0434782608695652
2006,"ALM","Middle District of Alabama",198,0.106060606060606
2006,"ALN","Northern District of Alabama",417,0.0479616306954436
2006,"ALS","Southern District of Alabama",320,0.028125
2006,"ARE","Eastern District of Arkansas",290,0.0344827586206897
2006,"ARW","Western District of Arkansas",172,0.343023255813953
2006,"AZ","District of Arizona",4034,0.534209221616262
2006,"CAC","Central District of California",1246,0.268860353130016
2006,"CAE","Eastern District of California",888,0.243243243243243
2006,"CAN","Northern District of California",514,0.212062256809339
2006,"CAS","Southern District of California",2482,0.549153908138598
2006,"CO","District of Colorado",564,0.228723404255319
2006,"CT","District of Connecticut",284,0.0316901408450704
2006,"DC","District of Washington D.C.",389,0.051413881748072
2006,"DE","District of Delaware",80,0.1875
2006,"FLM","Middle District of Florida",1527,0.176162409954158
2006,"FLN","Northern District of Florida",393,0.106870229007634
2006,"FLS","Southern District of Florida",1700,0.175882352941176
2006,"GAM","Middle District of Georgia",317,0.0252365930599369
2006,"GAN","Northern District of Georgia",624,0.100961538461538
2006,"GAS","Southern District of Georgia",307,0.0293159609120521
2006,"GU","District of Guam",72,0.222222222222222
2006,"HI","District of Hawaii",396,0.0404040404040404
2006,"IAN","Northern District of Iowa",395,0.237974683544304
2006,"IAS","Southern District of Iowa",336,0.151785714285714
2006,"ID","District of Idaho",223,0.269058295964126
2006,"ILC","Central District of Illinois",311,0.122186495176849
2006,"ILN","Northern District of Illinois",921,0.0618892508143322
2006,"ILS","Southern District of Illinois",337,0.0504451038575668
2006,"INN","Northern District of Indiana",327,0.036697247706422
2006,"INS","Southern District of Indiana",288,0.0381944444444444
2006,"KS","District of Kansas",622,0.202572347266881
2006,"KYE","Eastern District of Kentucky",448,0.0915178571428571
2006,"KYW","Western District of Kentucky",264,0.0416666666666667
2006,"LAE","Eastern District of Louisiana",306,0.212418300653595
2006,"LAM","Middle District of Louisiana",121,0.0743801652892562
2006,"LAW","Western District of Louisiana",362,0.0331491712707182
2006,"MA","District of Massachusetts",443,0.103837471783296
2006,"MD","District of Maryland",551,0.0725952813067151
2006,"ME","District of Maine",190,0.1
2006,"MIE","Eastern District of Michigan",692,0.0736994219653179
2006,"MIW","Western District of Michigan",389,0.0976863753213368
2006,"MOE","Eastern District of Missouri",870,0.035632183908046
2006,"MOW","Western District of Missouri",810,0.054320987654321
2006,"MP","District of Northern Mariana Islands",10,0
2006,"MSN","Northern District of Mississippi",154,0.0194805194805195
2006,"MSS","Southern District of Mississippi",325,0.0615384615384615
2006,"MT","District of Montana",378,0.103174603174603
2006,"NCE","Eastern District of North Carolina",566,0.0618374558303887
2006,"NCM","Middle District of North Carolina",404,0.0866336633663366
2006,"NCW","Western District of North Carolina",739,0.0690121786197564
2006,"ND","District of North Dakota",213,0.309859154929577
2006,"NE","District of Nebraska",667,0.112443778110945
2006,"NH","District of New Hampshire",185,0.0378378378378378
2006,"NJ","District of New Jersey",731,0.0683994528043776
2006,"NM","District of New Mexico",2762,0.664373642288197
2006,"NV","District of Nevada",327,0.186544342507645
2006,"NYE","Eastern District of New York",890,0.0887640449438202
2006,"NYN","Northern District of New York",328,0.192073170731707
2006,"NYS","Southern District of New York",1479,0.123056118999324
2006,"NYW","Western District of New York",422,0.0805687203791469
2006,"OHN","Northern District of Ohio",819,0.0366300366300366
2006,"OHS","Southern District of Ohio",573,0.0366492146596859
2006,"OKE","Eastern District of Oklahoma",60,0.0166666666666667
2006,"OKN","Northern District of Oklahoma",173,0
2006,"OKW","Western District of Oklahoma",211,0.0473933649289099
2006,"OR","District of Oregon",455,0.197802197802198
2006,"PAE","Eastern District of Pennsylvania",739,0.0649526387009472
2006,"PAM","Middle District of Pennsylvania",399,0.0476190476190476
2006,"PAW","Western District of Pennsylvania",394,0.0964467005076142
2006,"PR","District of Puerto Rico",504,0.162698412698413
2006,"RI","District of Rhode Island",123,0.186991869918699
2006,"SC","District of South Carolina",921,0.0412595005428882
2006,"SD","District of South Dakota",346,0.11271676300578
2006,"TNE","Eastern District of Tennessee",477,0.0314465408805031
2006,"TNM","Middle District of Tennessee",246,0.0772357723577236
2006,"TNW","Western District of Tennessee",409,0.019559902200489
2006,"TXE","Eastern District of Texas",791,0.0872313527180784
2006,"TXN","Northern District of Texas",976,0.177254098360656
2006,"TXS","Southern District of Texas",5980,0.669063545150502
2006,"TXW","Western District of Texas",5425,0.467834101382488
2006,"UT","District of Utah",819,0.312576312576313
2006,"VAE","Eastern District of Virginia",1319,0.0614101592115239
2006,"VAW","Western District of Virginia",534,0.0131086142322097
2006,"VI","District of Virgin Islands",96,0.59375
2006,"VT","District of Vermont",169,0.159763313609467
2006,"WAE","Eastern District of Washington",329,0.267477203647416
2006,"WAW","Western District of Washington",708,0.110169491525424
2006,"WIE","Eastern District of Wisconsin",280,0.0392857142857143
2006,"WIW","Western District of Wisconsin",209,0.0478468899521531
2006,"WVN","Northern District of West Virginia",339,0.0117994100294985
2006,"WVS","Southern District of West Virginia",226,0
2006,"WY","District of Wyoming",282,0.131205673758865
2007,"AK","District of Alaska",97,0.0515463917525773
2007,"ALM","Middle District of Alabama",206,0.101941747572816
2007,"ALN","Northern District of Alabama",465,0.0301075268817204
2007,"ALS","Southern District of Alabama",304,0.0756578947368421
2007,"ARE","Eastern District of Arkansas",301,0.0332225913621262
2007,"ARW","Western District of Arkansas",171,0.269005847953216
2007,"AZ","District of Arizona",4461,0.557946648733468
2007,"CAC","Central District of California",1246,0.299357945425361
2007,"CAE","Eastern District of California",817,0.182374541003672
2007,"CAN","Northern District of California",484,0.272727272727273
2007,"CAS","Southern District of California",3069,0.575105897686543
2007,"CO","District of Colorado",458,0.290393013100437
2007,"CT","District of Connecticut",328,0.0640243902439024
2007,"DC","District of Washington D.C.",362,0.0662983425414365
2007,"DE","District of Delaware",70,0.314285714285714
2007,"FLM","Middle District of Florida",1428,0.181372549019608
2007,"FLN","Northern District of Florida",379,0.205804749340369
2007,"FLS","Southern District of Florida",1973,0.173846933603649
2007,"GAM","Middle District of Georgia",322,0.031055900621118
2007,"GAN","Northern District of Georgia",529,0.11531190926276
2007,"GAS","Southern District of Georgia",359,0.0612813370473538
2007,"GU","District of Guam",48,0.333333333333333
2007,"HI","District of Hawaii",299,0.040133779264214
2007,"IAN","Northern District of Iowa",436,0.178899082568807
2007,"IAS","Southern District of Iowa",347,0.15850144092219
2007,"ID","District of Idaho",212,0.30188679245283
2007,"ILC","Central District of Illinois",368,0.0869565217391304
2007,"ILN","Northern District of Illinois",728,0.0659340659340659
2007,"ILS","Southern District of Illinois",315,0.073015873015873
2007,"INN","Northern District of Indiana",342,0.0233918128654971
2007,"INS","Southern District of Indiana",293,0.0409556313993174
2007,"KS","District of Kansas",580,0.201724137931034
2007,"KYE","Eastern District of Kentucky",496,0.0685483870967742
2007,"KYW","Western District of Kentucky",286,0.0244755244755245
2007,"LAE","Eastern District of Louisiana",364,0.151098901098901
2007,"LAM","Middle District of Louisiana",118,0.0932203389830508
2007,"LAW","Western District of Louisiana",344,0.0668604651162791
2007,"MA","District of Massachusetts",481,0.0893970893970894
2007,"MD","District of Maryland",558,0.0609318996415771
2007,"ME","District of Maine",176,0.0738636363636364
2007,"MIE","Eastern District of Michigan",641,0.0530421216848674
2007,"MIW","Western District of Michigan",411,0.128953771289538
2007,"MOE","Eastern District of Missouri",880,0.0465909090909091
2007,"MOW","Western District of Missouri",724,0.0718232044198895
2007,"MP","District of Northern Mariana Islands",16,0
2007,"MSN","Northern District of Mississippi",158,0.0253164556962025
2007,"MSS","Southern District of Mississippi",340,0.0823529411764706
2007,"MT","District of Montana",320,0.121875
2007,"NCE","Eastern District of North Carolina",508,0.0728346456692913
2007,"NCM","Middle District of North Carolina",406,0.103448275862069
2007,"NCW","Western District of North Carolina",730,0.101369863013699
2007,"ND","District of North Dakota",173,0.208092485549133
2007,"NE","District of Nebraska",648,0.115740740740741
2007,"NH","District of New Hampshire",200,0.05
2007,"NJ","District of New Jersey",829,0.0639324487334137
2007,"NM","District of New Mexico",2446,0.672935404742437
2007,"NV","District of Nevada",523,0.147227533460803
2007,"NYE","Eastern District of New York",847,0.0861865407319953
2007,"NYN","Northern District of New York",363,0.15702479338843
2007,"NYS","Southern District of New York",1389,0.110871130309575
2007,"NYW","Western District of New York",499,0.120240480961924
2007,"OHN","Northern District of Ohio",742,0.0485175202156334
2007,"OHS","Southern District of Ohio",498,0.0261044176706827
2007,"OKE","Eastern District of Oklahoma",77,0.025974025974026
2007,"OKN","Northern District of Oklahoma",185,0.0378378378378378
2007,"OKW","Western District of Oklahoma",274,0.0255474452554745
2007,"OR","District of Oregon",491,0.238289205702648
2007,"PAE","Eastern District of Pennsylvania",655,0.0656488549618321
2007,"PAM","Middle District of Pennsylvania",479,0.0521920668058455
2007,"PAW","Western District of Pennsylvania",386,0.0621761658031088
2007,"PR","District of Puerto Rico",672,0.136904761904762
2007,"RI","District of Rhode Island",136,0.169117647058824
2007,"SC","District of South Carolina",952,0.0945378151260504
2007,"SD","District of South Dakota",348,0.10632183908046
2007,"TNE","Eastern District of Tennessee",531,0.0602636534839925
2007,"TNM","Middle District of Tennessee",247,0.0769230769230769
2007,"TNW","Western District of Tennessee",456,0.0482456140350877
2007,"TXE","Eastern District of Texas",911,0.0900109769484083
2007,"TXN","Northern District of Texas",975,0.218461538461538
2007,"TXS","Southern District of Texas",5408,0.65625
2007,"TXW","Western District of Texas",5192,0.398305084745763
2007,"UT","District of Utah",782,0.308184143222506
2007,"VAE","Eastern District of Virginia",1268,0.084384858044164
2007,"VAW","Western District of Virginia",570,0.0175438596491228
2007,"VI","District of Virgin Islands",93,0.333333333333333
2007,"VT","District of Vermont",108,0.222222222222222
2007,"WAE","Eastern District of Washington",340,0.414705882352941
2007,"WAW","Western District of Washington",698,0.131805157593123
2007,"WIE","Eastern District of Wisconsin",341,0.0498533724340176
2007,"WIW","Western District of Wisconsin",189,0.037037037037037
2007,"WVN","Northern District of West Virginia",229,0.0174672489082969
2007,"WVS","Southern District of West Virginia",225,0.0133333333333333
2007,"WY","District of Wyoming",347,0.0778097982708934
2008,"AK","District of Alaska",143,0.0699300699300699
2008,"ALM","Middle District of Alabama",199,0.0150753768844221
2008,"ALN","Northern District of Alabama",393,0.0356234096692112
2008,"ALS","Southern District of Alabama",474,0.0611814345991561
2008,"ARE","Eastern District of Arkansas",335,0.0925373134328358
2008,"ARW","Western District of Arkansas",198,0.333333333333333
2008,"AZ","District of Arizona",3634,0.610621904237755
2008,"CAC","Central District of California",1495,0.463545150501672
2008,"CAE","Eastern District of California",774,0.275193798449612
2008,"CAN","Northern District of California",535,0.291588785046729
2008,"CAS","Southern District of California",3619,0.626416137054435
2008,"CO","District of Colorado",416,0.372596153846154
2008,"CT","District of Connecticut",346,0.0375722543352601
2008,"DC","District of Washington D.C.",323,0.0247678018575851
2008,"DE","District of Delaware",128,0.140625
2008,"FLM","Middle District of Florida",1490,0.211409395973154
2008,"FLN","Northern District of Florida",299,0.130434782608696
2008,"FLS","Southern District of Florida",1993,0.215755143000502
2008,"GAM","Middle District of Georgia",269,0.0520446096654275
2008,"GAN","Northern District of Georgia",651,0.119815668202765
2008,"GAS","Southern District of Georgia",377,0.026525198938992
2008,"GU","District of Guam",41,0.195121951219512
2008,"HI","District of Hawaii",245,0.0571428571428571
2008,"IAN","Northern District of Iowa",571,0.499124343257443
2008,"IAS","Southern District of Iowa",425,0.148235294117647
2008,"ID","District of Idaho",225,0.333333333333333
2008,"ILC","Central District of Illinois",374,0.0508021390374332
2008,"ILN","Northern District of Illinois",782,0.0818414322250639
2008,"ILS","Southern District of Illinois",295,0.0542372881355932
2008,"INN","Northern District of Indiana",385,0.0285714285714286
2008,"INS","Southern District of Indiana",274,0.0255474452554745
2008,"KS","District of Kansas",593,0.209106239460371
2008,"KYE","Eastern District of Kentucky",586,0.0802047781569966
2008,"KYW","Western District of Kentucky",291,0.0378006872852234
2008,"LAE","Eastern District of Louisiana",394,0.17258883248731
2008,"LAM","Middle District of Louisiana",153,0.0784313725490196
2008,"LAW","Western District of Louisiana",254,0.078740157480315
2008,"MA","District of Massachusetts",410,0.114634146341463
2008,"MD","District of Maryland",629,0.0969793322734499
2008,"ME","District of Maine",186,0.21505376344086
2008,"MIE","Eastern District of Michigan",645,0.048062015503876
2008,"MIW","Western District of Michigan",418,0.174641148325359
2008,"MOE","Eastern District of Missouri",893,0.0503919372900336
2008,"MOW","Western District of Missouri",680,0.0720588235294118
2008,"MP","District of Northern Mariana Islands",18,0.0555555555555556
2008,"MSN","Northern District of Mississippi",144,0.0625
2008,"MSS","Southern District of Mississippi",337,0.0830860534124629
2008,"MT","District of Montana",385,0.122077922077922
2008,"NCE","Eastern District of North Carolina",599,0.0767946577629382
2008,"NCM","Middle District of North Carolina",334,0.101796407185629
2008,"NCW","Western District of North Carolina",747,0.0749665327978581
2008,"ND","District of North Dakota",218,0.160550458715596
2008,"NE","District of Nebraska",598,0.11371237458194
2008,"NH","District of New Hampshire",189,0.037037037037037
2008,"NJ","District of New Jersey",778,0.0475578406169666
2008,"NM","District of New Mexico",2818,0.715046132008517
2008,"NV","District of Nevada",358,0.220670391061453
2008,"NYE","Eastern District of New York",1049,0.106768350810296
2008,"NYN","Northern District of New York",411,0.218978102189781
2008,"NYS","Southern District of New York",1286,0.0855365474339036
2008,"NYW","Western District of New York",421,0.137767220902613
2008,"OHN","Northern District of Ohio",751,0.0466045272969374
2008,"OHS","Southern District of Ohio",491,0.0325865580448065
2008,"OKE","Eastern District of Oklahoma",79,0.0126582278481013
2008,"OKN","Northern District of Oklahoma",185,0.0594594594594595
2008,"OKW","Western District of Oklahoma",298,0.0302013422818792
2008,"OR","District of Oregon",544,0.244485294117647
2008,"PAE","Eastern District of Pennsylvania",640,0.0953125
2008,"PAM","Middle District of Pennsylvania",534,0.114232209737828
2008,"PAW","Western District of Pennsylvania",411,0.0948905109489051
2008,"PR","District of Puerto Rico",570,0.2
2008,"RI","District of Rhode Island",76,0.171052631578947
2008,"SC","District of South Carolina",1041,0.0566762728146013
2008,"SD","District of South Dakota",343,0.107871720116618
2008,"TNE","Eastern District of Tennessee",547,0.0475319926873857
2008,"TNM","Middle District of Tennessee",248,0.141129032258065
2008,"TNW","Western District of Tennessee",532,0.0244360902255639
2008,"TXE","Eastern District of Texas",922,0.0759219088937093
2008,"TXN","Northern District of Texas",991,0.174571140262361
2008,"TXS","Southern District of Texas",6261,0.734706915828143
2008,"TXW","Western District of Texas",6391,0.461743076200908
2008,"UT","District of Utah",732,0.344262295081967
2008,"VAE","Eastern District of Virginia",1460,0.115068493150685
2008,"VAW","Western District of Virginia",365,0.0191780821917808
2008,"VI","District of Virgin Islands",72,0.194444444444444
2008,"VT","District of Vermont",134,0.104477611940299
2008,"WAE","Eastern District of Washington",312,0.317307692307692
2008,"WAW","Western District of Washington",644,0.149068322981366
2008,"WIE","Eastern District of Wisconsin",390,0.0615384615384615
2008,"WIW","Western District of Wisconsin",178,0.0730337078651685
2008,"WVN","Northern District of West Virginia",383,0.0130548302872063
2008,"WVS","Southern District of West Virginia",248,0.0120967741935484
2008,"WY","District of Wyoming",283,0.088339222614841
2009,"AK","District of Alaska",144,0.0486111111111111
2009,"ALM","Middle District of Alabama",201,0.0497512437810945
2009,"ALN","Northern District of Alabama",394,0.0710659898477157
2009,"ALS","Southern District of Alabama",385,0.0545454545454545
2009,"ARE","Eastern District of Arkansas",345,0.0985507246376812
2009,"ARW","Western District of Arkansas",236,0.385593220338983
2009,"AZ","District of Arizona",4592,0.5801393728223
2009,"CAC","Central District of California",1646,0.391251518833536
2009,"CAE","Eastern District of California",949,0.33508956796628
2009,"CAN","Northern District of California",768,0.42578125
2009,"CAS","Southern District of California",4395,0.637087599544937
2009,"CO","District of Colorado",440,0.365909090909091
2009,"CT","District of Connecticut",338,0.0384615384615385
2009,"DC","District of Washington D.C.",290,0.0310344827586207
2009,"DE","District of Delaware",141,0.141843971631206
2009,"FLM","Middle District of Florida",1480,0.233783783783784
2009,"FLN","Northern District of Florida",346,0.0953757225433526
2009,"FLS","Southern District of Florida",2128,0.237312030075188
2009,"GAM","Middle District of Georgia",209,0.0143540669856459
2009,"GAN","Northern District of Georgia",716,0.18854748603352
2009,"GAS","Southern District of Georgia",388,0.0335051546391753
2009,"GU","District of Guam",38,0.131578947368421
2009,"HI","District of Hawaii",273,0.124542124542125
2009,"IAN","Northern District of Iowa",336,0.0922619047619048
2009,"IAS","Southern District of Iowa",429,0.0629370629370629
2009,"ID","District of Idaho",281,0.309608540925267
2009,"ILC","Central District of Illinois",317,0.0694006309148265
2009,"ILN","Northern District of Illinois",781,0.128040973111396
2009,"ILS","Southern District of Illinois",290,0.0758620689655172
2009,"INN","Northern District of Indiana",385,0.038961038961039
2009,"INS","Southern District of Indiana",218,0.0321100917431193
2009,"KS","District of Kansas",629,0.128775834658188
2009,"KYE","Eastern District of Kentucky",602,0.0664451827242525
2009,"KYW","Western District of Kentucky",235,0.0340425531914894
2009,"LAE","Eastern District of Louisiana",343,0.134110787172012
2009,"LAM","Middle District of Louisiana",135,0.0740740740740741
2009,"LAW","Western District of Louisiana",285,0.16140350877193
2009,"MA","District of Massachusetts",457,0.074398249452954
2009,"MD","District of Maryland",630,0.0634920634920635
2009,"ME","District of Maine",202,0.188118811881188
2009,"MIE","Eastern District of Michigan",631,0.063391442155309
2009,"MIW","Western District of Michigan",439,0.225512528473804
2009,"MOE","Eastern District of Missouri",916,0.0513100436681223
2009,"MOW","Western District of Missouri",724,0.0994475138121547
2009,"MP","District of Northern Mariana Islands",20,0.1
2009,"MSN","Northern District of Mississippi",118,0.0169491525423729
2009,"MSS","Southern District of Mississippi",259,0.0733590733590734
2009,"MT","District of Montana",341,0.0762463343108504
2009,"NCE","Eastern District of North Carolina",586,0.0290102389078498
2009,"NCM","Middle District of North Carolina",415,0.0819277108433735
2009,"NCW","Western District of North Carolina",491,0.0590631364562118
2009,"ND","District of North Dakota",246,0.329268292682927
2009,"NE","District of Nebraska",605,0.122314049586777
2009,"NH","District of New Hampshire",163,0.049079754601227
2009,"NJ","District of New Jersey",700,0.0728571428571429
2009,"NM","District of New Mexico",3368,0.778206650831354
2009,"NV","District of Nevada",346,0.289017341040462
2009,"NYE","Eastern District of New York",958,0.117954070981211
2009,"NYN","Northern District of New York",431,0.329466357308585
2009,"NYS","Southern District of New York",1330,0.190977443609023
2009,"NYW","Western District of New York",461,0.151843817787419
2009,"OHN","Northern District of Ohio",523,0.0573613766730402
2009,"OHS","Southern District of Ohio",518,0.0714285714285714
2009,"OKE","Eastern District of Oklahoma",83,0.0240963855421687
2009,"OKN","Northern District of Oklahoma",180,0.0444444444444444
2009,"OKW","Western District of Oklahoma",275,0.101818181818182
2009,"OR","District of Oregon",533,0.337711069418386
2009,"PAE","Eastern District of Pennsylvania",755,0.0728476821192053
2009,"PAM","Middle District of Pennsylvania",525,0.0723809523809524
2009,"PAW","Western District of Pennsylvania",375,0.109333333333333
2009,"PR","District of Puerto Rico",576,0.210069444444444
2009,"RI","District of Rhode Island",110,0.118181818181818
2009,"SC","District of South Carolina",944,0.0349576271186441
2009,"SD","District of South Dakota",404,0.198019801980198
2009,"TNE","Eastern District of Tennessee",598,0.0585284280936455
2009,"TNM","Middle District of Tennessee",271,0.162361623616236
2009,"TNW","Western District of Tennessee",534,0.0468164794007491
2009,"TXE","Eastern District of Texas",853,0.0902696365767878
2009,"TXN","Northern District of Texas",941,0.219978746014878
2009,"TXS","Southern District of Texas",7328,0.732259825327511
2009,"TXW","Western District of Texas",6939,0.526588845654994
2009,"UT","District of Utah",658,0.341945288753799
2009,"VAE","Eastern District of Virginia",1346,0.155274888558692
2009,"VAW","Western District of Virginia",447,0.00894854586129754
2009,"VI","District of Virgin Islands",67,0.223880597014925
2009,"VT","District of Vermont",161,0.105590062111801
2009,"WAE","Eastern District of Washington",399,0.343358395989975
2009,"WAW","Western District of Washington",728,0.162087912087912
2009,"WIE","Eastern District of Wisconsin",392,0.0561224489795918
2009,"WIW","Western District of Wisconsin",179,0.0949720670391061
2009,"WVN","Northern District of West Virginia",357,0.0168067226890756
2009,"WVS","Southern District of West Virginia",249,0
2009,"WY","District of Wyoming",385,0.251948051948052
2010,"AK","District of Alaska",125,0.072
2010,"ALM","Middle District of Alabama",185,0.0810810810810811
2010,"ALN","Northern District of Alabama",370,0.0540540540540541
2010,"ALS","Southern District of Alabama",264,0.0303030303030303
2010,"ARE","Eastern District of Arkansas",326,0.116564417177914
2010,"ARW","Western District of Arkansas",237,0.426160337552743
2010,"AZ","District of Arizona",6482,0.542579450786794
2010,"CAC","Central District of California",1823,0.318705430608886
2010,"CAE","Eastern District of California",891,0.387205387205387
2010,"CAN","Northern District of California",741,0.346828609986505
2010,"CAS","Southern District of California",4108,0.668208373904576
2010,"CO","District of Colorado",442,0.330316742081448
2010,"CT","District of Connecticut",356,0.0421348314606742
2010,"DC","District of Washington D.C.",285,0.0210526315789474
2010,"DE","District of Delaware",114,0.12280701754386
2010,"FLM","Middle District of Florida",1481,0.260634706279541
2010,"FLN","Northern District of Florida",325,0.135384615384615
2010,"FLS","Southern District of Florida",2109,0.242294926505453
2010,"GAM","Middle District of Georgia",231,0.0952380952380952
2010,"GAN","Northern District of Georgia",609,0.221674876847291
2010,"GAS","Southern District of Georgia",475,0.0442105263157895
2010,"GU","District of Guam",29,0.0689655172413793
2010,"HI","District of Hawaii",148,0.0202702702702703
2010,"IAN","Northern District of Iowa",330,0.175757575757576
2010,"IAS","Southern District of Iowa",407,0.105651105651106
2010,"ID","District of Idaho",257,0.291828793774319
2010,"ILC","Central District of Illinois",361,0.0941828254847645
2010,"ILN","Northern District of Illinois",793,0.158890290037831
2010,"ILS","Southern District of Illinois",299,0.0836120401337793
2010,"INN","Northern District of Indiana",379,0.0422163588390501
2010,"INS","Southern District of Indiana",292,0.0445205479452055
2010,"KS","District of Kansas",612,0.130718954248366
2010,"KYE","Eastern District of Kentucky",520,0.0365384615384615
2010,"KYW","Western District of Kentucky",313,0.0383386581469649
2010,"LAE","Eastern District of Louisiana",321,0.118380062305296
2010,"LAM","Middle District of Louisiana",146,0.157534246575342
2010,"LAW","Western District of Louisiana",297,0.117845117845118
2010,"MA","District of Massachusetts",373,0.096514745308311
2010,"MD","District of Maryland",655,0.0793893129770992
2010,"ME","District of Maine",154,0.123376623376623
2010,"MIE","Eastern District of Michigan",648,0.0617283950617284
2010,"MIW","Western District of Michigan",490,0.293877551020408
2010,"MOE","Eastern District of Missouri",884,0.0339366515837104
2010,"MOW","Western District of Missouri",562,0.0587188612099644
2010,"MP","District of Northern Mariana Islands",18,0.111111111111111
2010,"MSN","Northern District of Mississippi",144,0.0277777777777778
2010,"MSS","Southern District of Mississippi",258,0.0736434108527132
2010,"MT","District of Montana",347,0.0749279538904899
2010,"NCE","Eastern District of North Carolina",667,0.0449775112443778
2010,"NCM","Middle District of North Carolina",516,0.12015503875969
2010,"NCW","Western District of North Carolina",465,0.0838709677419355
2010,"ND","District of North Dakota",235,0.438297872340426
2010,"NE","District of Nebraska",542,0.153136531365314
2010,"NH","District of New Hampshire",189,0.0158730158730159
2010,"NJ","District of New Jersey",662,0.0740181268882175
2010,"NM","District of New Mexico",3645,0.748971193415638
2010,"NV","District of Nevada",526,0.380228136882129
2010,"NYE","Eastern District of New York",905,0.165745856353591
2010,"NYN","Northern District of New York",414,0.340579710144928
2010,"NYS","Southern District of New York",1158,0.164939550949914
2010,"NYW","Western District of New York",447,0.172259507829978
2010,"OHN","Northern District of Ohio",529,0.0812854442344045
2010,"OHS","Southern District of Ohio",547,0.153564899451554
2010,"OKE","Eastern District of Oklahoma",84,0
2010,"OKN","Northern District of Oklahoma",127,0.078740157480315
2010,"OKW","Western District of Oklahoma",249,0.100401606425703
2010,"OR","District of Oregon",532,0.283834586466165
2010,"PAE","Eastern District of Pennsylvania",830,0.0951807228915663
2010,"PAM","Middle District of Pennsylvania",402,0.0746268656716418
2010,"PAW","Western District of Pennsylvania",385,0.101298701298701
2010,"PR","District of Puerto Rico",701,0.126961483594864
2010,"RI","District of Rhode Island",138,0.13768115942029
2010,"SC","District of South Carolina",1033,0.0503388189738625
2010,"SD","District of South Dakota",320,0.15625
2010,"TNE","Eastern District of Tennessee",754,0.0344827586206897
2010,"TNM","Middle District of Tennessee",262,0.0954198473282443
2010,"TNW","Western District of Tennessee",573,0.0663176265270506
2010,"TXE","Eastern District of Texas",758,0.129287598944591
2010,"TXN","Northern District of Texas",878,0.193621867881549
2010,"TXS","Southern District of Texas",8149,0.740827095349123
2010,"TXW","Western District of Texas",7084,0.569875776397516
2010,"UT","District of Utah",721,0.410540915395284
2010,"VAE","Eastern District of Virginia",1297,0.188897455666924
2010,"VAW","Western District of Virginia",331,0.0332326283987915
2010,"VI","District of Virgin Islands",56,0.142857142857143
2010,"VT","District of Vermont",149,0.308724832214765
2010,"WAE","Eastern District of Washington",370,0.405405405405405
2010,"WAW","Western District of Washington",683,0.159590043923865
2010,"WIE","Eastern District of Wisconsin",374,0.0561497326203209
2010,"WIW","Western District of Wisconsin",189,0.105820105820106
2010,"WVN","Northern District of West Virginia",249,0.0401606425702811
2010,"WVS","Southern District of West Virginia",216,0.0138888888888889
2010,"WY","District of Wyoming",371,0.274932614555256
2011,"AK","District of Alaska",124,0.0725806451612903
2011,"ALM","Middle District of Alabama",164,0.103658536585366
2011,"ALN","Northern District of Alabama",374,0.0935828877005348
2011,"ALS","Southern District of Alabama",371,0.0539083557951483
2011,"ARE","Eastern District of Arkansas",283,0.190812720848057
2011,"ARW","Western District of Arkansas",297,0.404040404040404
2011,"AZ","District of Arizona",9064,0.601390114739629
2011,"CAC","Central District of California",1621,0.328192473781616
2011,"CAE","Eastern District of California",932,0.400214592274678
2011,"CAN","Northern District of California",680,0.35
2011,"CAS","Southern District of California",4205,0.642330558858502
2011,"CO","District of Colorado",562,0.339857651245552
2011,"CT","District of Connecticut",295,0.0271186440677966
2011,"DC","District of Washington D.C.",278,0.0755395683453237
2011,"DE","District of Delaware",102,0.0980392156862745
2011,"FLM","Middle District of Florida",1332,0.25975975975976
2011,"FLN","Northern District of Florida",293,0.102389078498294
2011,"FLS","Southern District of Florida",1902,0.211882229232387
2011,"GAM","Middle District of Georgia",283,0.180212014134276
2011,"GAN","Northern District of Georgia",623,0.240770465489567
2011,"GAS","Southern District of Georgia",439,0.0273348519362187
2011,"GU","District of Guam",26,0.0769230769230769
2011,"HI","District of Hawaii",174,0.0632183908045977
2011,"IAN","Northern District of Iowa",506,0.339920948616601
2011,"IAS","Southern District of Iowa",354,0.104519774011299
2011,"ID","District of Idaho",298,0.281879194630872
2011,"ILC","Central District of Illinois",346,0.121387283236994
2011,"ILN","Northern District of Illinois",775,0.166451612903226
2011,"ILS","Southern District of Illinois",303,0.0297029702970297
2011,"INN","Northern District of Indiana",368,0.0217391304347826
2011,"INS","Southern District of Indiana",251,0.119521912350598
2011,"KS","District of Kansas",582,0.164948453608247
2011,"KYE","Eastern District of Kentucky",515,0.058252427184466
2011,"KYW","Western District of Kentucky",297,0.0740740740740741
2011,"LAE","Eastern District of Louisiana",271,0.0848708487084871
2011,"LAM","Middle District of Louisiana",117,0.136752136752137
2011,"LAW","Western District of Louisiana",223,0.062780269058296
2011,"MA","District of Massachusetts",471,0.123142250530786
2011,"MD","District of Maryland",741,0.0958164642375169
2011,"ME","District of Maine",171,0.064327485380117
2011,"MIE","Eastern District of Michigan",718,0.155988857938719
2011,"MIW","Western District of Michigan",459,0.298474945533769
2011,"MOE","Eastern District of Missouri",707,0.0523338048090523
2011,"MOW","Western District of Missouri",560,0.0660714285714286
2011,"MP","District of Northern Mariana Islands",7,0
2011,"MSN","Northern District of Mississippi",155,0.032258064516129
2011,"MSS","Southern District of Mississippi",232,0.107758620689655
2011,"MT","District of Montana",276,0.0507246376811594
2011,"NCE","Eastern District of North Carolina",750,0.0813333333333333
2011,"NCM","Middle District of North Carolina",506,0.124505928853755
2011,"NCW","Western District of North Carolina",520,0.130769230769231
2011,"ND","District of North Dakota",269,0.342007434944238
2011,"NE","District of Nebraska",504,0.271825396825397
2011,"NH","District of New Hampshire",163,0.0429447852760736
2011,"NJ","District of New Jersey",609,0.0656814449917898
2011,"NM","District of New Mexico",3069,0.711632453567937
2011,"NV","District of Nevada",569,0.284710017574692
2011,"NYE","Eastern District of New York",900,0.228888888888889
2011,"NYN","Northern District of New York",492,0.229674796747967
2011,"NYS","Southern District of New York",1297,0.151117964533539
2011,"NYW","Western District of New York",522,0.195402298850575
2011,"OHN","Northern District of Ohio",525,0.0533333333333333
2011,"OHS","Southern District of Ohio",630,0.13968253968254
2011,"OKE","Eastern District of Oklahoma",80,0.0625
2011,"OKN","Northern District of Oklahoma",158,0.240506329113924
2011,"OKW","Western District of Oklahoma",340,0.188235294117647
2011,"OR","District of Oregon",519,0.304431599229287
2011,"PAE","Eastern District of Pennsylvania",870,0.096551724137931
2011,"PAM","Middle District of Pennsylvania",389,0.113110539845758
2011,"PAW","Western District of Pennsylvania",390,0.1
2011,"PR","District of Puerto Rico",932,0.0536480686695279
2011,"RI","District of Rhode Island",167,0.131736526946108
2011,"SC","District of South Carolina",890,0.0685393258426966
2011,"SD","District of South Dakota",342,0.184210526315789
2011,"TNE","Eastern District of Tennessee",850,0.0270588235294118
2011,"TNM","Middle District of Tennessee",302,0.0596026490066225
2011,"TNW","Western District of Tennessee",559,0.0518783542039356
2011,"TXE","Eastern District of Texas",906,0.111479028697572
2011,"TXN","Northern District of Texas",855,0.2
2011,"TXS","Southern District of Texas",7964,0.704043194374686
2011,"TXW","Western District of Texas",6646,0.552512789647909
2011,"UT","District of Utah",745,0.395973154362416
2011,"VAE","Eastern District of Virginia",1248,0.182692307692308
2011,"VAW","Western District of Virginia",341,0.0234604105571848
2011,"VI","District of Virgin Islands",50,0.18
2011,"VT","District of Vermont",123,0.0650406504065041
2011,"WAE","Eastern District of Washington",344,0.436046511627907
2011,"WAW","Western District of Washington",636,0.185534591194969
2011,"WIE","Eastern District of Wisconsin",403,0.054590570719603
2011,"WIW","Western District of Wisconsin",167,0.107784431137725
2011,"WVN","Northern District of West Virginia",258,0.0542635658914729
2011,"WVS","Southern District of West Virginia",251,0.0199203187250996
2011,"WY","District of Wyoming",321,0.26791277258567
2012,"AK","District of Alaska",169,0.0177514792899408
2012,"ALM","Middle District of Alabama",167,0.137724550898204
2012,"ALN","Northern District of Alabama",375,0.0986666666666667
2012,"ALS","Southern District of Alabama",350,0.0228571428571429
2012,"ARE","Eastern District of Arkansas",319,0.0689655172413793
2012,"ARW","Western District of Arkansas",302,0.301324503311258
2012,"AZ","District of Arizona",8582,0.513516662782568
2012,"CAC","Central District of California",1594,0.320577164366374
2012,"CAE","Eastern District of California",945,0.347089947089947
2012,"CAN","Northern District of California",645,0.28062015503876
2012,"CAS","Southern District of California",4512,0.554964539007092
2012,"CO","District of Colorado",489,0.343558282208589
2012,"CT","District of Connecticut",382,0.0287958115183246
2012,"DC","District of Washington D.C.",276,0.0833333333333333
2012,"DE","District of Delaware",75,0.146666666666667
2012,"FLM","Middle District of Florida",1498,0.154873164218959
2012,"FLN","Northern District of Florida",279,0.0860215053763441
2012,"FLS","Southern District of Florida",1970,0.207106598984772
2012,"GAM","Middle District of Georgia",278,0.151079136690647
2012,"GAN","Northern District of Georgia",604,0.147350993377483
2012,"GAS","Southern District of Georgia",323,0.021671826625387
2012,"GU","District of Guam",30,0.0333333333333333
2012,"HI","District of Hawaii",202,0.0891089108910891
2012,"IAN","Northern District of Iowa",371,0.31266846361186
2012,"IAS","Southern District of Iowa",393,0.0966921119592875
2012,"ID","District of Idaho",235,0.263829787234043
2012,"ILC","Central District of Illinois",394,0.16243654822335
2012,"ILN","Northern District of Illinois",738,0.14769647696477
2012,"ILS","Southern District of Illinois",394,0.134517766497462
2012,"INN","Northern District of Indiana",330,0.0363636363636364
2012,"INS","Southern District of Indiana",385,0.0675324675324675
2012,"KS","District of Kansas",568,0.177816901408451
2012,"KYE","Eastern District of Kentucky",425,0.0588235294117647
2012,"KYW","Western District of Kentucky",238,0.109243697478992
2012,"LAE","Eastern District of Louisiana",293,0.139931740614334
2012,"LAM","Middle District of Louisiana",191,0.183246073298429
2012,"LAW","Western District of Louisiana",326,0.0644171779141104
2012,"MA","District of Massachusetts",436,0.123853211009174
2012,"MD","District of Maryland",915,0.0721311475409836
2012,"ME","District of Maine",168,0.113095238095238
2012,"MIE","Eastern District of Michigan",782,0.149616368286445
2012,"MIW","Western District of Michigan",414,0.219806763285024
2012,"MOE","Eastern District of Missouri",660,0.0287878787878788
2012,"MOW","Western District of Missouri",658,0.0303951367781155
2012,"MP","District of Northern Mariana Islands",13,0.307692307692308
2012,"MSN","Northern District of Mississippi",144,0.0138888888888889
2012,"MSS","Southern District of Mississippi",220,0.122727272727273
2012,"MT","District of Montana",352,0.0426136363636364
2012,"NCE","Eastern District of North Carolina",708,0.0635593220338983
2012,"NCM","Middle District of North Carolina",399,0.135338345864662
2012,"NCW","Western District of North Carolina",403,0.250620347394541
2012,"ND","District of North Dakota",273,0.347985347985348
2012,"NE","District of Nebraska",524,0.234732824427481
2012,"NH","District of New Hampshire",123,0.0894308943089431
2012,"NJ","District of New Jersey",683,0.0556368960468521
2012,"NM","District of New Mexico",2968,0.703167115902965
2012,"NV","District of Nevada",536,0.184701492537313
2012,"NYE","Eastern District of New York",762,0.158792650918635
2012,"NYN","Northern District of New York",531,0.229755178907721
2012,"NYS","Southern District of New York",1250,0.108
2012,"NYW","Western District of New York",481,0.1995841995842
2012,"OHN","Northern District of Ohio",733,0.0695770804911323
2012,"OHS","Southern District of Ohio",510,0.0862745098039216
2012,"OKE","Eastern District of Oklahoma",73,0.0410958904109589
2012,"OKN","Northern District of Oklahoma",170,0.164705882352941
2012,"OKW","Western District of Oklahoma",371,0.250673854447439
2012,"OR","District of Oregon",511,0.338551859099804
2012,"PAE","Eastern District of Pennsylvania",723,0.0746887966804979
2012,"PAM","Middle District of Pennsylvania",423,0.125295508274232
2012,"PAW","Western District of Pennsylvania",396,0.118686868686869
2012,"PR","District of Puerto Rico",1033,0.0987415295256534
2012,"RI","District of Rhode Island",167,0.221556886227545
2012,"SC","District of South Carolina",762,0.0616797900262467
2012,"SD","District of South Dakota",358,0.150837988826816
2012,"TNE","Eastern District of Tennessee",781,0.0320102432778489
2012,"TNM","Middle District of Tennessee",296,0.0608108108108108
2012,"TNW","Western District of Tennessee",502,0.0298804780876494
2012,"TXE","Eastern District of Texas",833,0.12484993997599
2012,"TXN","Northern District of Texas",946,0.191331923890063
2012,"TXS","Southern District of Texas",6309,0.650499286733238
2012,"TXW","Western District of Texas",7214,0.581369559190463
2012,"UT","District of Utah",505,0.332673267326733
2012,"VAE","Eastern District of Virginia",1200,0.176666666666667
2012,"VAW","Western District of Virginia",324,0.0308641975308642
2012,"VI","District of Virgin Islands",57,0.105263157894737
2012,"VT","District of Vermont",185,0.0864864864864865
2012,"WAE","Eastern District of Washington",274,0.306569343065693
2012,"WAW","Western District of Washington",597,0.160804020100503
2012,"WIE","Eastern District of Wisconsin",391,0.0332480818414322
2012,"WIW","Western District of Wisconsin",145,0.144827586206897
2012,"WVN","Northern District of West Virginia",289,0.0103806228373702
2012,"WVS","Southern District of West Virginia",266,0.0112781954887218
2012,"WY","District of Wyoming",227,0.268722466960352
2013,"AK","District of Alaska",166,0.0120481927710843
2013,"ALM","Middle District of Alabama",173,0.179190751445087
2013,"ALN","Northern District of Alabama",391,0.0869565217391304
2013,"ALS","Southern District of Alabama",257,0.0622568093385214
2013,"ARE","Eastern District of Arkansas",330,0.0545454545454545
2013,"ARW","Western District of Arkansas",272,0.213235294117647
2013,"AZ","District of Arizona",6623,0.434546278121697
2013,"CAC","Central District of California",1484,0.287061994609164
2013,"CAE","Eastern District of California",923,0.313109425785482
2013,"CAN","Northern District of California",627,0.200956937799043
2013,"CAS","Southern District of California",4319,0.565408659411901
2013,"CO","District of Colorado",510,0.33921568627451
2013,"CT","District of Connecticut",364,0.0686813186813187
2013,"DC","District of Washington D.C.",280,0.0357142857142857
2013,"DE","District of Delaware",82,0.146341463414634
2013,"FLM","Middle District of Florida",1320,0.162121212121212
2013,"FLN","Northern District of Florida",300,0.09
2013,"FLS","Southern District of Florida",2135,0.252927400468384
2013,"GAM","Middle District of Georgia",314,0.10828025477707
2013,"GAN","Northern District of Georgia",460,0.169565217391304
2013,"GAS","Southern District of Georgia",314,0.00636942675159236
2013,"GU","District of Guam",34,0.0588235294117647
2013,"HI","District of Hawaii",199,0.050251256281407
2013,"IAN","Northern District of Iowa",360,0.208333333333333
2013,"IAS","Southern District of Iowa",377,0.0928381962864721
2013,"ID","District of Idaho",254,0.251968503937008
2013,"ILC","Central District of Illinois",339,0.182890855457227
2013,"ILN","Northern District of Illinois",758,0.12401055408971
2013,"ILS","Southern District of Illinois",372,0.102150537634409
2013,"INN","Northern District of Indiana",361,0.00831024930747922
2013,"INS","Southern District of Indiana",315,0.073015873015873
2013,"KS","District of Kansas",575,0.12695652173913
2013,"KYE","Eastern District of Kentucky",417,0.0383693045563549
2013,"KYW","Western District of Kentucky",251,0.0597609561752988
2013,"LAE","Eastern District of Louisiana",245,0.102040816326531
2013,"LAM","Middle District of Louisiana",159,0.371069182389937
2013,"LAW","Western District of Louisiana",251,0.159362549800797
2013,"MA","District of Massachusetts",400,0.1325
2013,"MD","District of Maryland",758,0.0883905013192612
2013,"ME","District of Maine",217,0.0506912442396313
2013,"MIE","Eastern District of Michigan",801,0.157303370786517
2013,"MIW","Western District of Michigan",387,0.209302325581395
2013,"MOE","Eastern District of Missouri",565,0.0460176991150442
2013,"MOW","Western District of Missouri",615,0.0617886178861789
2013,"MP","District of Northern Mariana Islands",20,0.25
2013,"MSN","Northern District of Mississippi",159,0.00628930817610063
2013,"MSS","Southern District of Mississippi",327,0.113149847094801
2013,"MT","District of Montana",299,0.00334448160535117
2013,"NCE","Eastern District of North Carolina",668,0.0553892215568862
2013,"NCM","Middle District of North Carolina",409,0.0953545232273839
2013,"NCW","Western District of North Carolina",555,0.169369369369369
2013,"ND","District of North Dakota",302,0.281456953642384
2013,"NE","District of Nebraska",519,0.236994219653179
2013,"NH","District of New Hampshire",135,0.162962962962963
2013,"NJ","District of New Jersey",625,0.0496
2013,"NM","District of New Mexico",3749,0.791944518538277
2013,"NV","District of Nevada",563,0.241563055062167
2013,"NYE","Eastern District of New York",700,0.137142857142857
2013,"NYN","Northern District of New York",430,0.188372093023256
2013,"NYS","Southern District of New York",1248,0.063301282051282
2013,"NYW","Western District of New York",433,0.23094688221709
2013,"OHN","Northern District of Ohio",715,0.0461538461538462
2013,"OHS","Southern District of Ohio",499,0.0881763527054108
2013,"OKE","Eastern District of Oklahoma",90,0.0444444444444444
2013,"OKN","Northern District of Oklahoma",200,0.225
2013,"OKW","Western District of Oklahoma",282,0.138297872340426
2013,"OR","District of Oregon",552,0.26268115942029
2013,"PAE","Eastern District of Pennsylvania",737,0.0854816824966079
2013,"PAM","Middle District of Pennsylvania",321,0.121495327102804
2013,"PAW","Western District of Pennsylvania",351,0.0797720797720798
2013,"PR","District of Puerto Rico",1319,0.0492797573919636
2013,"RI","District of Rhode Island",127,0.149606299212598
2013,"SC","District of South Carolina",664,0.106927710843373
2013,"SD","District of South Dakota",392,0.142857142857143
2013,"TNE","Eastern District of Tennessee",743,0.0430686406460296
2013,"TNM","Middle District of Tennessee",261,0.0766283524904215
2013,"TNW","Western District of Tennessee",593,0.0185497470489039
2013,"TXE","Eastern District of Texas",874,0.100686498855835
2013,"TXN","Northern District of Texas",1011,0.206726013847676
2013,"TXS","Southern District of Texas",6704,0.703609785202864
2013,"TXW","Western District of Texas",5860,0.58839590443686
2013,"UT","District of Utah",560,0.392857142857143
2013,"VAE","Eastern District of Virginia",1039,0.138594802694899
2013,"VAW","Western District of Virginia",399,0.0200501253132832
2013,"VI","District of Virgin Islands",47,0.170212765957447
2013,"VT","District of Vermont",161,0.0559006211180124
2013,"WAE","Eastern District of Washington",333,0.18018018018018
2013,"WAW","Western District of Washington",646,0.160990712074303
2013,"WIE","Eastern District of Wisconsin",339,0.023598820058997
2013,"WIW","Western District of Wisconsin",128,0.1171875
2013,"WVN","Northern District of West Virginia",306,0.0065359477124183
2013,"WVS","Southern District of West Virginia",216,0.00925925925925926
2013,"WY","District of Wyoming",179,0.262569832402235
2014,"AK","District of Alaska",119,0.0168067226890756
2014,"ALM","Middle District of Alabama",185,0.216216216216216
2014,"ALN","Northern District of Alabama",344,0.063953488372093
2014,"ALS","Southern District of Alabama",309,0.0258899676375405
2014,"ARE","Eastern District of Arkansas",298,0.0503355704697987
2014,"ARW","Western District of Arkansas",296,0.165540540540541
2014,"AZ","District of Arizona",6275,0.424860557768924
2014,"CAC","Central District of California",1075,0.24093023255814
2014,"CAE","Eastern District of California",840,0.18452380952381
2014,"CAN","Northern District of California",582,0.15979381443299
2014,"CAS","Southern District of California",3514,0.478372225384178
2014,"CO","District of Colorado",452,0.360619469026549
2014,"CT","District of Connecticut",296,0.0304054054054054
2014,"DC","District of Washington D.C.",280,0.0535714285714286
2014,"DE","District of Delaware",82,0.109756097560976
2014,"FLM","Middle District of Florida",1223,0.178250204415372
2014,"FLN","Northern District of Florida",278,0.0503597122302158
2014,"FLS","Southern District of Florida",2034,0.236479842674533
2014,"GAM","Middle District of Georgia",350,0.111428571428571
2014,"GAN","Northern District of Georgia",562,0.172597864768683
2014,"GAS","Southern District of Georgia",404,0.0173267326732673
2014,"GU","District of Guam",67,0.0149253731343284
2014,"HI","District of Hawaii",227,0.026431718061674
2014,"IAN","Northern District of Iowa",359,0.231197771587744
2014,"IAS","Southern District of Iowa",268,0.104477611940299
2014,"ID","District of Idaho",243,0.209876543209877
2014,"ILC","Central District of Illinois",383,0.0600522193211488
2014,"ILN","Northern District of Illinois",755,0.127152317880795
2014,"ILS","Southern District of Illinois",326,0.0276073619631902
2014,"INN","Northern District of Indiana",306,0.0294117647058824
2014,"INS","Southern District of Indiana",334,0.0419161676646707
2014,"KS","District of Kansas",569,0.0878734622144113
2014,"KYE","Eastern District of Kentucky",535,0.0205607476635514
2014,"KYW","Western District of Kentucky",185,0.0810810810810811
2014,"LAE","Eastern District of Louisiana",244,0.122950819672131
2014,"LAM","Middle District of Louisiana",148,0.25
2014,"LAW","Western District of Louisiana",226,0.0929203539823009
2014,"MA","District of Massachusetts",375,0.12
2014,"MD","District of Maryland",708,0.0677966101694915
2014,"ME","District of Maine",179,0.0782122905027933
2014,"MIE","Eastern District of Michigan",864,0.116898148148148
2014,"MIW","Western District of Michigan",358,0.20391061452514
2014,"MOE","Eastern District of Missouri",603,0.0281923714759536
2014,"MOW","Western District of Missouri",723,0.033195020746888
2014,"MP","District of Northern Mariana Islands",10,0
2014,"MSN","Northern District of Mississippi",169,0
2014,"MSS","Southern District of Mississippi",229,0.122270742358079
2014,"MT","District of Montana",266,0.0150375939849624
2014,"NCE","Eastern District of North Carolina",583,0.0754716981132075
2014,"NCM","Middle District of North Carolina",461,0.0976138828633406
2014,"NCW","Western District of North Carolina",577,0.0935875216637782
2014,"ND","District of North Dakota",314,0.308917197452229
2014,"NE","District of Nebraska",507,0.234714003944773
2014,"NH","District of New Hampshire",113,0.185840707964602
2014,"NJ","District of New Jersey",498,0.0763052208835341
2014,"NM","District of New Mexico",4231,0.765776412195698
2014,"NV","District of Nevada",428,0.179906542056075
2014,"NYE","Eastern District of New York",740,0.151351351351351
2014,"NYN","Northern District of New York",354,0.251412429378531
2014,"NYS","Southern District of New York",1333,0.0547636909227307
2014,"NYW","Western District of New York",422,0.170616113744076
2014,"OHN","Northern District of Ohio",607,0.0296540362438221
2014,"OHS","Southern District of Ohio",562,0.0943060498220641
2014,"OKE","Eastern District of Oklahoma",68,0.0147058823529412
2014,"OKN","Northern District of Oklahoma",197,0.192893401015228
2014,"OKW","Western District of Oklahoma",281,0.231316725978648
2014,"OR","District of Oregon",462,0.203463203463203
2014,"PAE","Eastern District of Pennsylvania",624,0.092948717948718
2014,"PAM","Middle District of Pennsylvania",332,0.11144578313253
2014,"PAW","Western District of Pennsylvania",336,0.0297619047619048
2014,"PR","District of Puerto Rico",1293,0.0703789636504254
2014,"RI","District of Rhode Island",126,0.134920634920635
2014,"SC","District of South Carolina",615,0.128455284552846
2014,"SD","District of South Dakota",416,0.0721153846153846
2014,"TNE","Eastern District of Tennessee",772,0.0401554404145078
2014,"TNM","Middle District of Tennessee",248,0.0725806451612903
2014,"TNW","Western District of Tennessee",406,0.0197044334975369
2014,"TXE","Eastern District of Texas",866,0.092378752886836
2014,"TXN","Northern District of Texas",1290,0.192248062015504
2014,"TXS","Southern District of Texas",6121,0.729782715242607
2014,"TXW","Western District of Texas",5288,0.587745839636914
2014,"UT","District of Utah",492,0.414634146341463
2014,"VAE","Eastern District of Virginia",969,0.146542827657379
2014,"VAW","Western District of Virginia",337,0.0267062314540059
2014,"VI","District of Virgin Islands",53,0.207547169811321
2014,"VT","District of Vermont",165,0.0606060606060606
2014,"WAE","Eastern District of Washington",325,0.153846153846154
2014,"WAW","Western District of Washington",551,0.159709618874773
2014,"WIE","Eastern District of Wisconsin",275,0.0290909090909091
2014,"WIW","Western District of Wisconsin",118,0.076271186440678
2014,"WVN","Northern District of West Virginia",285,0.00350877192982456
2014,"WVS","Southern District of West Virginia",261,0.00383141762452107
2014,"WY","District of Wyoming",240,0.166666666666667
2015,"AK","District of Alaska",135,0.00740740740740741
2015,"ALM","Middle District of Alabama",168,0.148809523809524
2015,"ALN","Northern District of Alabama",251,0.0637450199203187
2015,"ALS","Southern District of Alabama",262,0.0572519083969466
2015,"ARE","Eastern District of Arkansas",287,0.0766550522648084
2015,"ARW","Western District of Arkansas",240,0.1125
2015,"AZ","District of Arizona",5812,0.405884377150723
2015,"CAC","Central District of California",922,0.146420824295011
2015,"CAE","Eastern District of California",671,0.154992548435171
2015,"CAN","Northern District of California",487,0.108829568788501
2015,"CAS","Southern District of California",3066,0.520547945205479
2015,"CO","District of Colorado",379,0.29023746701847
2015,"CT","District of Connecticut",273,0.010989010989011
2015,"DC","District of Washington D.C.",187,0.0427807486631016
2015,"DE","District of Delaware",80,0.0875
2015,"FLM","Middle District of Florida",1130,0.14070796460177
2015,"FLN","Northern District of Florida",208,0.0480769230769231
2015,"FLS","Southern District of Florida",1971,0.246575342465753
2015,"GAM","Middle District of Georgia",261,0.122605363984674
2015,"GAN","Northern District of Georgia",514,0.165369649805447
2015,"GAS","Southern District of Georgia",302,0.0033112582781457
2015,"GU","District of Guam",54,0.037037037037037
2015,"HI","District of Hawaii",215,0.0372093023255814
2015,"IAN","Northern District of Iowa",344,0.229651162790698
2015,"IAS","Southern District of Iowa",276,0.0942028985507246
2015,"ID","District of Idaho",204,0.215686274509804
2015,"ILC","Central District of Illinois",287,0.0836236933797909
2015,"ILN","Northern District of Illinois",640,0.0796875
2015,"ILS","Southern District of Illinois",356,0.0252808988764045
2015,"INN","Northern District of Indiana",221,0.0180995475113122
2015,"INS","Southern District of Indiana",327,0.0428134556574924
2015,"KS","District of Kansas",458,0.0764192139737991
2015,"KYE","Eastern District of Kentucky",479,0.0313152400835073
2015,"KYW","Western District of Kentucky",186,0.043010752688172
2015,"LAE","Eastern District of Louisiana",304,0.200657894736842
2015,"LAM","Middle District of Louisiana",123,0.211382113821138
2015,"LAW","Western District of Louisiana",181,0.0497237569060773
2015,"MA","District of Massachusetts",437,0.100686498855835
2015,"MD","District of Maryland",682,0.0513196480938416
2015,"ME","District of Maine",163,0.0245398773006135
2015,"MIE","Eastern District of Michigan",736,0.115489130434783
2015,"MIW","Western District of Michigan",334,0.233532934131737
2015,"MOE","Eastern District of Missouri",461,0.03470715835141
2015,"MOW","Western District of Missouri",761,0.026281208935611
2015,"MP","District of Northern Mariana Islands",12,0.25
2015,"MSN","Northern District of Mississippi",124,0.0241935483870968
2015,"MSS","Southern District of Mississippi",231,0.0562770562770563
2015,"MT","District of Montana",324,0.0216049382716049
2015,"NCE","Eastern District of North Carolina",484,0.0578512396694215
2015,"NCM","Middle District of North Carolina",465,0.0860215053763441
2015,"NCW","Western District of North Carolina",608,0.0773026315789474
2015,"ND","District of North Dakota",370,0.305405405405405
2015,"NE","District of Nebraska",477,0.215932914046122
2015,"NH","District of New Hampshire",116,0.293103448275862
2015,"NJ","District of New Jersey",541,0.0499075785582255
2015,"NM","District of New Mexico",4340,0.795622119815668
2015,"NV","District of Nevada",480,0.15625
2015,"NYE","Eastern District of New York",591,0.130287648054146
2015,"NYN","Northern District of New York",289,0.204152249134948
2015,"NYS","Southern District of New York",1363,0.0528246515040352
2015,"NYW","Western District of New York",404,0.123762376237624
2015,"OHN","Northern District of Ohio",585,0.0427350427350427
2015,"OHS","Southern District of Ohio",511,0.160469667318982
2015,"OKE","Eastern District of Oklahoma",79,0.0126582278481013
2015,"OKN","Northern District of Oklahoma",147,0.231292517006803
2015,"OKW","Western District of Oklahoma",253,0.189723320158103
2015,"OR","District of Oregon",468,0.211538461538462
2015,"PAE","Eastern District of Pennsylvania",595,0.110924369747899
2015,"PAM","Middle District of Pennsylvania",309,0.0938511326860841
2015,"PAW","Western District of Pennsylvania",354,0.0112994350282486
2015,"PR","District of Puerto Rico",1307,0.0619739862280031
2015,"RI","District of Rhode Island",86,0.104651162790698
2015,"SC","District of South Carolina",524,0.166030534351145
2015,"SD","District of South Dakota",330,0.0848484848484849
2015,"TNE","Eastern District of Tennessee",615,0.0552845528455285
2015,"TNM","Middle District of Tennessee",225,0.0711111111111111
2015,"TNW","Western District of Tennessee",422,0.0165876777251185
2015,"TXE","Eastern District of Texas",936,0.0555555555555556
2015,"TXN","Northern District of Texas",1278,0.149452269170579
2015,"TXS","Southern District of Texas",5968,0.716655495978552
2015,"TXW","Western District of Texas",5170,0.590135396518375
2015,"UT","District of Utah",456,0.379385964912281
2015,"VAE","Eastern District of Virginia",791,0.103666245259166
2015,"VAW","Western District of Virginia",329,0.0395136778115502
2015,"VI","District of Virgin Islands",57,0.087719298245614
2015,"VT","District of Vermont",138,0.0144927536231884
2015,"WAE","Eastern District of Washington",325,0.132307692307692
2015,"WAW","Western District of Washington",403,0.124069478908189
2015,"WIE","Eastern District of Wisconsin",195,0.0256410256410256
2015,"WIW","Western District of Wisconsin",103,0.106796116504854
2015,"WVN","Northern District of West Virginia",328,0.0182926829268293
2015,"WVS","Southern District of West Virginia",246,0.00813008130081301
2015,"WY","District of Wyoming",210,0.185714285714286
2016,"AK","District of Alaska",142,0.0140845070422535
2016,"ALM","Middle District of Alabama",131,0.0534351145038168
2016,"ALN","Northern District of Alabama",289,0.0726643598615917
2016,"ALS","Southern District of Alabama",246,0.0365853658536585
2016,"ARE","Eastern District of Arkansas",286,0.020979020979021
2016,"ARW","Western District of Arkansas",225,0.0711111111111111
2016,"AZ","District of Arizona",5395,0.435588507877665
2016,"CAC","Central District of California",748,0.120320855614973
2016,"CAE","Eastern District of California",593,0.0691399662731872
2016,"CAN","Northern District of California",372,0.118279569892473
2016,"CAS","Southern District of California",2554,0.425606891151135
2016,"CO","District of Colorado",417,0.261390887290168
2016,"CT","District of Connecticut",246,0.00813008130081301
2016,"DC","District of Washington D.C.",192,0.015625
2016,"DE","District of Delaware",61,0.0983606557377049
2016,"FLM","Middle District of Florida",1183,0.121724429416737
2016,"FLN","Northern District of Florida",212,0.0518867924528302
2016,"FLS","Southern District of Florida",2013,0.218082463984103
2016,"GAM","Middle District of Georgia",260,0.0807692307692308
2016,"GAN","Northern District of Georgia",481,0.145530145530146
2016,"GAS","Southern District of Georgia",285,0.00701754385964912
2016,"GU","District of Guam",39,0.0512820512820513
2016,"HI","District of Hawaii",119,0.0420168067226891
2016,"IAN","Northern District of Iowa",328,0.179878048780488
2016,"IAS","Southern District of Iowa",309,0.110032362459547
2016,"ID","District of Idaho",208,0.153846153846154
2016,"ILC","Central District of Illinois",230,0.0521739130434783
2016,"ILN","Northern District of Illinois",568,0.0792253521126761
2016,"ILS","Southern District of Illinois",274,0.0218978102189781
2016,"INN","Northern District of Indiana",238,0.00420168067226891
2016,"INS","Southern District of Indiana",281,0.0533807829181495
2016,"KS","District of Kansas",378,0.0714285714285714
2016,"KYE","Eastern District of Kentucky",398,0.0150753768844221
2016,"KYW","Western District of Kentucky",247,0.048582995951417
2016,"LAE","Eastern District of Louisiana",250,0.1
2016,"LAM","Middle District of Louisiana",128,0.1875
2016,"LAW","Western District of Louisiana",179,0.106145251396648
2016,"MA","District of Massachusetts",410,0.158536585365854
2016,"MD","District of Maryland",625,0.0592
2016,"ME","District of Maine",172,0.0116279069767442
2016,"MIE","Eastern District of Michigan",780,0.101282051282051
2016,"MIW","Western District of Michigan",295,0.227118644067797
2016,"MOE","Eastern District of Missouri",610,0.00655737704918033
2016,"MOW","Western District of Missouri",729,0.0164609053497942
2016,"MP","District of Northern Mariana Islands",15,0
2016,"MSN","Northern District of Mississippi",127,0.0078740157480315
2016,"MSS","Southern District of Mississippi",203,0.0246305418719212
2016,"MT","District of Montana",265,0.0150943396226415
2016,"NCE","Eastern District of North Carolina",515,0.0718446601941748
2016,"NCM","Middle District of North Carolina",385,0.0805194805194805
2016,"NCW","Western District of North Carolina",597,0.103852596314908
2016,"ND","District of North Dakota",306,0.160130718954248
2016,"NE","District of Nebraska",458,0.137554585152838
2016,"NH","District of New Hampshire",147,0.204081632653061
2016,"NJ","District of New Jersey",497,0.0503018108651912
2016,"NM","District of New Mexico",4905,0.826299694189602
2016,"NV","District of Nevada",355,0.169014084507042
2016,"NYE","Eastern District of New York",528,0.130681818181818
2016,"NYN","Northern District of New York",247,0.202429149797571
2016,"NYS","Southern District of New York",1028,0.0544747081712062
2016,"NYW","Western District of New York",354,0.0564971751412429
2016,"OHN","Northern District of Ohio",487,0.0287474332648871
2016,"OHS","Southern District of Ohio",424,0.110849056603774
2016,"OKE","Eastern District of Oklahoma",81,0
2016,"OKN","Northern District of Oklahoma",148,0.128378378378378
2016,"OKW","Western District of Oklahoma",238,0.142857142857143
2016,"OR","District of Oregon",348,0.229885057471264
2016,"PAE","Eastern District of Pennsylvania",482,0.0850622406639004
2016,"PAM","Middle District of Pennsylvania",257,0.0972762645914397
2016,"PAW","Western District of Pennsylvania",305,0.0229508196721311
2016,"PR","District of Puerto Rico",915,0.0939890710382514
2016,"RI","District of Rhode Island",74,0.0810810810810811
2016,"SC","District of South Carolina",499,0.144288577154309
2016,"SD","District of South Dakota",357,0.0700280112044818
2016,"TNE","Eastern District of Tennessee",709,0.0282087447108604
2016,"TNM","Middle District of Tennessee",186,0.0913978494623656
2016,"TNW","Western District of Tennessee",405,0.0123456790123457
2016,"TXE","Eastern District of Texas",780,0.0538461538461538
2016,"TXN","Northern District of Texas",1247,0.153969526864475
2016,"TXS","Southern District of Texas",6165,0.720519059205191
2016,"TXW","Western District of Texas",5225,0.578755980861244
2016,"UT","District of Utah",480,0.325
2016,"VAE","Eastern District of Virginia",854,0.0620608899297424
2016,"VAW","Western District of Virginia",296,0.027027027027027
2016,"VI","District of Virgin Islands",51,0.137254901960784
2016,"VT","District of Vermont",141,0.049645390070922
2016,"WAE","Eastern District of Washington",273,0.164835164835165
2016,"WAW","Western District of Washington",419,0.107398568019093
2016,"WIE","Eastern District of Wisconsin",226,0.0265486725663717
2016,"WIW","Western District of Wisconsin",111,0.0720720720720721
2016,"WVN","Northern District of West Virginia",246,0.032520325203252
2016,"WVS","Southern District of West Virginia",190,0.0105263157894737
2016,"WY","District of Wyoming",190,0.221052631578947
2017,"AK","District of Alaska",156,0
2017,"ALM","Middle District of Alabama",175,0.0457142857142857
2017,"ALN","Northern District of Alabama",352,0.0539772727272727
2017,"ALS","Southern District of Alabama",289,0.041522491349481
2017,"ARE","Eastern District of Arkansas",351,0.0170940170940171
2017,"ARW","Western District of Arkansas",216,0.087962962962963
2017,"AZ","District of Arizona",5043,0.501487209994051
2017,"CAC","Central District of California",818,0.114914425427873
2017,"CAE","Eastern District of California",430,0.0837209302325581
2017,"CAN","Northern District of California",395,0.0936708860759494
2017,"CAS","Southern District of California",2473,0.484027496967246
2017,"CO","District of Colorado",387,0.291989664082687
2017,"CT","District of Connecticut",295,0.0135593220338983
2017,"DC","District of Washington D.C.",182,0.0164835164835165
2017,"DE","District of Delaware",75,0.106666666666667
2017,"FLM","Middle District of Florida",1336,0.181137724550898
2017,"FLN","Northern District of Florida",227,0.092511013215859
2017,"FLS","Southern District of Florida",2084,0.215451055662188
2017,"GAM","Middle District of Georgia",300,0.09
2017,"GAN","Northern District of Georgia",473,0.143763213530655
2017,"GAS","Southern District of Georgia",301,0.0398671096345515
2017,"GU","District of Guam",36,0
2017,"HI","District of Hawaii",115,0.0173913043478261
2017,"IAN","Northern District of Iowa",357,0.201680672268908
2017,"IAS","Southern District of Iowa",376,0.138297872340426
2017,"ID","District of Idaho",294,0.173469387755102
2017,"ILC","Central District of Illinois",226,0.0884955752212389
2017,"ILN","Northern District of Illinois",564,0.0709219858156028
2017,"ILS","Southern District of Illinois",225,0.0488888888888889
2017,"INN","Northern District of Indiana",245,0.0244897959183673
2017,"INS","Southern District of Indiana",380,0.05
2017,"KS","District of Kansas",439,0.082004555808656
2017,"KYE","Eastern District of Kentucky",348,0.0229885057471264
2017,"KYW","Western District of Kentucky",198,0.0252525252525253
2017,"LAE","Eastern District of Louisiana",278,0.143884892086331
2017,"LAM","Middle District of Louisiana",142,0.119718309859155
2017,"LAW","Western District of Louisiana",222,0.0765765765765766
2017,"MA","District of Massachusetts",390,0.133333333333333
2017,"MD","District of Maryland",622,0.0643086816720257
2017,"ME","District of Maine",166,0.0481927710843374
2017,"MIE","Eastern District of Michigan",773,0.139715394566624
2017,"MIW","Western District of Michigan",326,0.199386503067485
2017,"MOE","Eastern District of Missouri",580,0.0172413793103448
2017,"MOW","Western District of Missouri",715,0.00979020979020979
2017,"MP","District of Northern Mariana Islands",13,0.230769230769231
2017,"MSN","Northern District of Mississippi",126,0.0634920634920635
2017,"MSS","Southern District of Mississippi",256,0.109375
2017,"MT","District of Montana",279,0.010752688172043
2017,"NCE","Eastern District of North Carolina",515,0.0757281553398058
2017,"NCM","Middle District of North Carolina",379,0.0976253298153034
2017,"NCW","Western District of North Carolina",517,0.0618955512572534
2017,"ND","District of North Dakota",284,0.176056338028169
2017,"NE","District of Nebraska",468,0.170940170940171
2017,"NH","District of New Hampshire",172,0.191860465116279
2017,"NJ","District of New Jersey",451,0.0465631929046563
2017,"NM","District of New Mexico",3713,0.764880150821438
2017,"NV","District of Nevada",416,0.211538461538462
2017,"NYE","Eastern District of New York",533,0.0956848030018762
2017,"NYN","Northern District of New York",262,0.248091603053435
2017,"NYS","Southern District of New York",1186,0.0430016863406408
2017,"NYW","Western District of New York",372,0.150537634408602
2017,"OHN","Northern District of Ohio",467,0.0535331905781585
2017,"OHS","Southern District of Ohio",478,0.119246861924686
2017,"OKE","Eastern District of Oklahoma",91,0
2017,"OKN","Northern District of Oklahoma",112,0.169642857142857
2017,"OKW","Western District of Oklahoma",215,0.106976744186047
2017,"OR","District of Oregon",334,0.161676646706587
2017,"PAE","Eastern District of Pennsylvania",537,0.126629422718808
2017,"PAM","Middle District of Pennsylvania",339,0.0855457227138643
2017,"PAW","Western District of Pennsylvania",278,0.0215827338129496
2017,"PR","District of Puerto Rico",873,0.151202749140893
2017,"RI","District of Rhode Island",74,0.162162162162162
2017,"SC","District of South Carolina",596,0.104026845637584
2017,"SD","District of South Dakota",401,0.0798004987531172
2017,"TNE","Eastern District of Tennessee",591,0.0372250423011844
2017,"TNM","Middle District of Tennessee",215,0.0976744186046512
2017,"TNW","Western District of Tennessee",345,0.00579710144927536
2017,"TXE","Eastern District of Texas",716,0.0684357541899441
2017,"TXN","Northern District of Texas",1348,0.162462908011869
2017,"TXS","Southern District of Texas",6363,0.740845513122741
2017,"TXW","Western District of Texas",5697,0.598209583991575
2017,"UT","District of Utah",512,0.3515625
2017,"VAE","Eastern District of Virginia",771,0.0791180285343709
2017,"VAW","Western District of Virginia",238,0.0168067226890756
2017,"VI","District of Virgin Islands",72,0.0416666666666667
2017,"VT","District of Vermont",131,0.0610687022900763
2017,"WAE","Eastern District of Washington",306,0.186274509803922
2017,"WAW","Western District of Washington",378,0.14021164021164
2017,"WIE","Eastern District of Wisconsin",227,0.0176211453744493
2017,"WIW","Western District of Wisconsin",93,0.0967741935483871
2017,"WVN","Northern District of West Virginia",193,0.0259067357512953
2017,"WVS","Southern District of West Virginia",202,0.0099009900990099
2017,"WY","District of Wyoming",208,0.1875
